ScheduleWeekName,Mon,Tue,Wed,Thu,Fri,Sat,Sun,Hol,HtgDD,ClgDD
OnWk,OnDay,OnDay,OnDay,OnDay,OnDay,OnDay,OnDay,OnDay,OnDay,OnDay
OffWk,OffDay,OffDay,OffDay,OffDay,OffDay,OffDay,OffDay,OffDay,OffDay,OffDay
AverageServiceHotWaterWk,AverageServiceHotWaterWD,AverageServiceHotWaterWD,AverageServiceHotWaterWD,AverageServiceHotWaterWD,AverageServiceHotWaterWD,AverageServiceHotWaterSat,AverageServiceHotWaterSun,AverageServiceHotWaterSun,AverageServiceHotWaterWD,AverageServiceHotWaterWD
AssemblyOccupancyWk,AssemblyOccupancyWD,AssemblyOccupancyWD,AssemblyOccupancyWD,AssemblyOccupancyWD,AssemblyOccupancyWD,AssemblyOccupancySat,AssemblyOccupancySun,AssemblyOccupancySun,OffDay,OnDay
AssemblyLightsWk,AssemblyLightsWD,AssemblyLightsWD,AssemblyLightsWD,AssemblyLightsWD,AssemblyLightsWD,AssemblyLightsSat,AssemblyLightsSun,AssemblyLightsSun,OffDay,OnDay
AssemblyReceptacleWk,AssemblyReceptacleWD,AssemblyReceptacleWD,AssemblyReceptacleWD,AssemblyReceptacleWD,AssemblyReceptacleWD,AssemblyReceptacleSat,AssemblyReceptacleSun,AssemblyReceptacleSun,OffDay,OnDay
AssemblyHVACAvailWk,AssemblyHVACAvailWD,AssemblyHVACAvailWD,AssemblyHVACAvailWD,AssemblyHVACAvailWD,AssemblyHVACAvailWD,AssemblyHVACAvailSat,AssemblyHVACAvailSun,AssemblyHVACAvailSun,OnDay,OnDay
AssemblyServiceHotWaterWk,AssemblyServiceHotWaterWD,AssemblyServiceHotWaterWD,AssemblyServiceHotWaterWD,AssemblyServiceHotWaterWD,AssemblyServiceHotWaterWD,AssemblyServiceHotWaterSat,AssemblyServiceHotWaterSun,AssemblyServiceHotWaterSun,OffDay,OnDay
AssemblyElevatorWk,AssemblyElevatorWD,AssemblyElevatorWD,AssemblyElevatorWD,AssemblyElevatorWD,AssemblyElevatorWD,AssemblyElevatorSat,AssemblyElevatorSun,AssemblyElevatorSun,OffDay,OnDay
AssemblyRefrigerationWk,AssemblyRefrigerationWD,AssemblyRefrigerationWD,AssemblyRefrigerationWD,AssemblyRefrigerationWD,AssemblyRefrigerationWD,AssemblyRefrigerationSat,AssemblyRefrigerationSun,AssemblyRefrigerationSun,AssemblyRefrigerationSun,AssemblyRefrigerationWD
AssemblyGasEquipWk,AssemblyGasEquipWD,AssemblyGasEquipWD,AssemblyGasEquipWD,AssemblyGasEquipWD,AssemblyGasEquipWD,AssemblyGasEquipSat,AssemblyGasEquipSun,AssemblyGasEquipSun,OffDay,OnDay
AssemblyHtgSetptWk,AssemblyHtgSetptWD,AssemblyHtgSetptWD,AssemblyHtgSetptWD,AssemblyHtgSetptWD,AssemblyHtgSetptWD,AssemblyHtgSetptSat,AssemblyHtgSetptSun,AssemblyHtgSetptSun,AssemblyHtgSetptWD,AssemblyHtgSetptWD
AssemblyClgSetptWk,AssemblyClgSetptWD,AssemblyClgSetptWD,AssemblyClgSetptWD,AssemblyClgSetptWD,AssemblyClgSetptWD,AssemblyClgSetptSat,AssemblyClgSetptSun,AssemblyClgSetptSun,AssemblyClgSetptWD,AssemblyClgSetptWD
AssemblyInfiltrationWk,AssemblyInfiltrationWD,AssemblyInfiltrationWD,AssemblyInfiltrationWD,AssemblyInfiltrationWD,AssemblyInfiltrationWD,AssemblyInfiltrationSat,AssemblyInfiltrationSun,AssemblyInfiltrationSun,AssemblyInfiltrationWD,AssemblyInfiltrationWD
AssemblyEscalatorWk,AssemblyEscalatorWD,AssemblyEscalatorWD,AssemblyEscalatorWD,AssemblyEscalatorWD,AssemblyEscalatorWD,AssemblyEscalatorSat,AssemblyEscalatorSun,AssemblyEscalatorSun,OffDay,OnDay
AssemblyWtrHtrSetptWk,AssemblyWtrHtrSetptWD,AssemblyWtrHtrSetptWD,AssemblyWtrHtrSetptWD,AssemblyWtrHtrSetptWD,AssemblyWtrHtrSetptWD,AssemblyWtrHtrSetptSat,AssemblyWtrHtrSetptSun,AssemblyWtrHtrSetptSun,AssemblyWtrHtrSetptWD,AssemblyWtrHtrSetptWD
DataOccupancyWk,DataOccupancyWD,DataOccupancyWD,DataOccupancyWD,DataOccupancyWD,DataOccupancyWD,DataOccupancySat,DataOccupancySun,DataOccupancySun,OffDay,OnDay
DataLightsWk,DataLightsWD,DataLightsWD,DataLightsWD,DataLightsWD,DataLightsWD,DataLightsSat,DataLightsSun,DataLightsSun,OffDay,OnDay
DataReceptacleJanMaySepWk,DataReceptacleJanMaySep,DataReceptacleJanMaySep,DataReceptacleJanMaySep,DataReceptacleJanMaySep,DataReceptacleJanMaySep,DataReceptacleJanMaySep,DataReceptacleJanMaySep,DataReceptacleJanMaySep,OffDay,OnDay
DataReceptacleFebJunOctWk,DataReceptacleFebJunOct,DataReceptacleFebJunOct,DataReceptacleFebJunOct,DataReceptacleFebJunOct,DataReceptacleFebJunOct,DataReceptacleFebJunOct,DataReceptacleFebJunOct,DataReceptacleFebJunOct,OffDay,OnDay
DataReceptacleMarJulNovWk,DataReceptacleMarJulNov,DataReceptacleMarJulNov,DataReceptacleMarJulNov,DataReceptacleMarJulNov,DataReceptacleMarJulNov,DataReceptacleMarJulNov,DataReceptacleMarJulNov,DataReceptacleMarJulNov,OffDay,OnDay
DataReceptacleAprAugDecWk,DataReceptacleAprAugDec,DataReceptacleAprAugDec,DataReceptacleAprAugDec,DataReceptacleAprAugDec,DataReceptacleAprAugDec,DataReceptacleAprAugDec,DataReceptacleAprAugDec,DataReceptacleAprAugDec,OffDay,OnDay
DataHVACAvailWk,DataHVACAvailWD,DataHVACAvailWD,DataHVACAvailWD,DataHVACAvailWD,DataHVACAvailWD,DataHVACAvailSat,DataHVACAvailSun,DataHVACAvailSun,OnDay,OnDay
DataServiceHotWaterWk,DataServiceHotWaterWD,DataServiceHotWaterWD,DataServiceHotWaterWD,DataServiceHotWaterWD,DataServiceHotWaterWD,DataServiceHotWaterSat,DataServiceHotWaterSun,DataServiceHotWaterSun,OffDay,OnDay
DataElevatorWk,DataElevatorWD,DataElevatorWD,DataElevatorWD,DataElevatorWD,DataElevatorWD,DataElevatorSat,DataElevatorSun,DataElevatorSun,OffDay,OnDay
DataHtgSetptWk,DataHtgSetptWD,DataHtgSetptWD,DataHtgSetptWD,DataHtgSetptWD,DataHtgSetptWD,DataHtgSetptSat,DataHtgSetptSun,DataHtgSetptSun,DataHtgSetptWD,DataHtgSetptWD
DataClgSetptWk,DataClgSetptWD,DataClgSetptWD,DataClgSetptWD,DataClgSetptWD,DataClgSetptWD,DataClgSetptSat,DataClgSetptSun,DataClgSetptSun,DataClgSetptWD,DataClgSetptWD
DataInfiltrationWk,DataInfiltrationWD,DataInfiltrationWD,DataInfiltrationWD,DataInfiltrationWD,DataInfiltrationWD,DataInfiltrationSat,DataInfiltrationSun,DataInfiltrationSun,DataInfiltrationWD,DataInfiltrationWD
DataWtrHtrSetptWk,DataWtrHtrSetptWD,DataWtrHtrSetptWD,DataWtrHtrSetptWD,DataWtrHtrSetptWD,DataWtrHtrSetptWD,DataWtrHtrSetptSat,DataWtrHtrSetptSun,DataWtrHtrSetptSun,DataWtrHtrSetptWD,DataWtrHtrSetptWD
DataEscalatorWk,DataEscalatorWD,DataEscalatorWD,DataEscalatorWD,DataEscalatorWD,DataEscalatorWD,DataEscalatorSat,DataEscalatorSun,DataEscalatorSun,OffDay,OnDay
DataGasEquipWk,DataGasEquipWD,DataGasEquipWD,DataGasEquipWD,DataGasEquipWD,DataGasEquipWD,DataGasEquipSat,DataGasEquipSun,DataGasEquipSun,OffDay,OnDay
DataRefrigerationWk,DataRefrigerationWD,DataRefrigerationWD,DataRefrigerationWD,DataRefrigerationWD,DataRefrigerationWD,DataRefrigerationSat,DataRefrigerationSun,DataRefrigerationSun,DataRefrigerationSun,DataRefrigerationWD
HealthOccupancyWk,HealthOccupancyWD,HealthOccupancyWD,HealthOccupancyWD,HealthOccupancyWD,HealthOccupancyWD,HealthOccupancySat,HealthOccupancySun,HealthOccupancySun,OffDay,OnDay
HealthLightsWk,HealthLightsWD,HealthLightsWD,HealthLightsWD,HealthLightsWD,HealthLightsWD,HealthLightsSat,HealthLightsSun,HealthLightsSun,OffDay,OnDay
HealthReceptacleWk,HealthReceptacleWD,HealthReceptacleWD,HealthReceptacleWD,HealthReceptacleWD,HealthReceptacleWD,HealthReceptacleSat,HealthReceptacleSun,HealthReceptacleSun,OffDay,OnDay
HealthHVACAvailWk,HealthHVACAvailWD,HealthHVACAvailWD,HealthHVACAvailWD,HealthHVACAvailWD,HealthHVACAvailWD,HealthHVACAvailSat,HealthHVACAvailSun,HealthHVACAvailSun,OnDay,OnDay
HealthServiceHotWaterWk,HealthServiceHotWaterWD,HealthServiceHotWaterWD,HealthServiceHotWaterWD,HealthServiceHotWaterWD,HealthServiceHotWaterWD,HealthServiceHotWaterSat,HealthServiceHotWaterSun,HealthServiceHotWaterSun,OffDay,OnDay
HealthElevatorWk,HealthElevatorWD,HealthElevatorWD,HealthElevatorWD,HealthElevatorWD,HealthElevatorWD,HealthElevatorSat,HealthElevatorSun,HealthElevatorSun,OffDay,OnDay
HealthRefrigerationWk,HealthRefrigerationWD,HealthRefrigerationWD,HealthRefrigerationWD,HealthRefrigerationWD,HealthRefrigerationWD,HealthRefrigerationSat,HealthRefrigerationSun,HealthRefrigerationSun,HealthRefrigerationSun,HealthRefrigerationWD
HealthGasEquipWk,HealthGasEquipWD,HealthGasEquipWD,HealthGasEquipWD,HealthGasEquipWD,HealthGasEquipWD,HealthGasEquipSat,HealthGasEquipSun,HealthGasEquipSun,OffDay,OnDay
HealthHtgSetptWk,HealthHtgSetptWD,HealthHtgSetptWD,HealthHtgSetptWD,HealthHtgSetptWD,HealthHtgSetptWD,HealthHtgSetptSat,HealthHtgSetptSun,HealthHtgSetptSun,HealthHtgSetptWD,HealthHtgSetptWD
HealthClgSetptWk,HealthClgSetptWD,HealthClgSetptWD,HealthClgSetptWD,HealthClgSetptWD,HealthClgSetptWD,HealthClgSetptSat,HealthClgSetptSun,HealthClgSetptSun,HealthClgSetptWD,HealthClgSetptWD
HealthInfiltrationWk,HealthInfiltrationWD,HealthInfiltrationWD,HealthInfiltrationWD,HealthInfiltrationWD,HealthInfiltrationWD,HealthInfiltrationSat,HealthInfiltrationSun,HealthInfiltrationSun,HealthInfiltrationWD,HealthInfiltrationWD
HealthWtrHtrSetptWk,HealthWtrHtrSetptWD,HealthWtrHtrSetptWD,HealthWtrHtrSetptWD,HealthWtrHtrSetptWD,HealthWtrHtrSetptWD,HealthWtrHtrSetptSat,HealthWtrHtrSetptSun,HealthWtrHtrSetptSun,HealthWtrHtrSetptWD,HealthWtrHtrSetptWD
HealthEscalatorWk,HealthEscalatorWD,HealthEscalatorWD,HealthEscalatorWD,HealthEscalatorWD,HealthEscalatorWD,HealthEscalatorSat,HealthEscalatorSun,HealthEscalatorSun,OffDay,OnDay
LabOccupancyWk,LabOccupancyWD,LabOccupancyWD,LabOccupancyWD,LabOccupancyWD,LabOccupancyWD,LabOccupancySat,LabOccupancySun,LabOccupancySun,OffDay,OnDay
LabLightsWk,LabLightsWD,LabLightsWD,LabLightsWD,LabLightsWD,LabLightsWD,LabLightsSat,LabLightsSun,LabLightsSun,OffDay,OnDay
LabReceptacleWk,LabReceptacleWD,LabReceptacleWD,LabReceptacleWD,LabReceptacleWD,LabReceptacleWD,LabReceptacleSat,LabReceptacleSun,LabReceptacleSun,OffDay,OnDay
LabHVACAvailWk,LabHVACAvailWD,LabHVACAvailWD,LabHVACAvailWD,LabHVACAvailWD,LabHVACAvailWD,LabHVACAvailSat,LabHVACAvailSun,LabHVACAvailSun,OnDay,OnDay
LabServiceHotWaterWk,LabServiceHotWaterWD,LabServiceHotWaterWD,LabServiceHotWaterWD,LabServiceHotWaterWD,LabServiceHotWaterWD,LabServiceHotWaterSat,LabServiceHotWaterSun,LabServiceHotWaterSun,OffDay,OnDay
LabElevatorWk,LabElevatorWD,LabElevatorWD,LabElevatorWD,LabElevatorWD,LabElevatorWD,LabElevatorSat,LabElevatorSun,LabElevatorSun,OffDay,OnDay
LabExhaustHoodCAVWk,LabExhaustHoodCAVWD,LabExhaustHoodCAVWD,LabExhaustHoodCAVWD,LabExhaustHoodCAVWD,LabExhaustHoodCAVWD,LabExhaustHoodCAVSat,LabExhaustHoodCAVSun,LabExhaustHoodCAVSun,LabExhaustHoodCAVSun,LabExhaustHoodCAVWD
LabExhaustHoodVAVWk,LabExhaustHoodVAVWD,LabExhaustHoodVAVWD,LabExhaustHoodVAVWD,LabExhaustHoodVAVWD,LabExhaustHoodVAVWD,LabExhaustHoodVAVSat,LabExhaustHoodVAVSun,LabExhaustHoodVAVSun,LabExhaustHoodVAVSun,LabExhaustHoodVAVWD
LabProcessEquipmentTypicalUseWk,LabProcessEquipmentTypicalUseWD,LabProcessEquipmentTypicalUseWD,LabProcessEquipmentTypicalUseWD,LabProcessEquipmentTypicalUseWD,LabProcessEquipmentTypicalUseWD,LabProcessEquipmentTypicalUseSat,LabProcessEquipmentTypicalUseSun,LabProcessEquipmentTypicalUseSun,LabProcessEquipmentTypicalUseSun,LabProcessEquipmentTypicalUseWD
LabProcessEquipmentHighUseWk,LabProcessEquipmentHighUseWD,LabProcessEquipmentHighUseWD,LabProcessEquipmentHighUseWD,LabProcessEquipmentHighUseWD,LabProcessEquipmentHighUseWD,LabProcessEquipmentHighUseSat,LabProcessEquipmentHighUseSun,LabProcessEquipmentHighUseSun,LabProcessEquipmentHighUseSun,LabProcessEquipmentHighUseWD
LabRefrigerationWk,LabRefrigerationWD,LabRefrigerationWD,LabRefrigerationWD,LabRefrigerationWD,LabRefrigerationWD,LabRefrigerationSat,LabRefrigerationSun,LabRefrigerationSun,LabRefrigerationSun,LabRefrigerationWD
LabGasEquipWk,LabGasEquipWD,LabGasEquipWD,LabGasEquipWD,LabGasEquipWD,LabGasEquipWD,LabGasEquipSat,LabGasEquipSun,LabGasEquipSun,OffDay,OnDay
LabHtgSetptWk,LabHtgSetptWD,LabHtgSetptWD,LabHtgSetptWD,LabHtgSetptWD,LabHtgSetptWD,LabHtgSetptSat,LabHtgSetptSun,LabHtgSetptSun,LabHtgSetptWD,LabHtgSetptWD
LabClgSetptWk,LabClgSetptWD,LabClgSetptWD,LabClgSetptWD,LabClgSetptWD,LabClgSetptWD,LabClgSetptSat,LabClgSetptSun,LabClgSetptSun,LabClgSetptWD,LabClgSetptWD
LabInfiltrationWk,LabInfiltrationWD,LabInfiltrationWD,LabInfiltrationWD,LabInfiltrationWD,LabInfiltrationWD,LabInfiltrationSat,LabInfiltrationSun,LabInfiltrationSun,LabInfiltrationWD,LabInfiltrationWD
LabWtrHtrSetptWk,LabWtrHtrSetptWD,LabWtrHtrSetptWD,LabWtrHtrSetptWD,LabWtrHtrSetptWD,LabWtrHtrSetptWD,LabWtrHtrSetptSat,LabWtrHtrSetptSun,LabWtrHtrSetptSun,LabWtrHtrSetptWD,LabWtrHtrSetptWD
ManufacturingOccupancyWk,ManufacturingOccupancyWD,ManufacturingOccupancyWD,ManufacturingOccupancyWD,ManufacturingOccupancyWD,ManufacturingOccupancyWD,ManufacturingOccupancySat,ManufacturingOccupancySun,ManufacturingOccupancySun,OffDay,OnDay
ManufacturingLightsWk,ManufacturingLightsWD,ManufacturingLightsWD,ManufacturingLightsWD,ManufacturingLightsWD,ManufacturingLightsWD,ManufacturingLightsSat,ManufacturingLightsSun,ManufacturingLightsSun,OffDay,OnDay
ManufacturingReceptacleWk,ManufacturingReceptacleWD,ManufacturingReceptacleWD,ManufacturingReceptacleWD,ManufacturingReceptacleWD,ManufacturingReceptacleWD,ManufacturingReceptacleSat,ManufacturingReceptacleSun,ManufacturingReceptacleSun,OffDay,OnDay
ManufacturingHVACAvailWk,ManufacturingHVACAvailWD,ManufacturingHVACAvailWD,ManufacturingHVACAvailWD,ManufacturingHVACAvailWD,ManufacturingHVACAvailWD,ManufacturingHVACAvailSat,ManufacturingHVACAvailSun,ManufacturingHVACAvailSun,OnDay,OnDay
ManufacturingServiceHotWaterWk,ManufacturingServiceHotWaterWD,ManufacturingServiceHotWaterWD,ManufacturingServiceHotWaterWD,ManufacturingServiceHotWaterWD,ManufacturingServiceHotWaterWD,ManufacturingServiceHotWaterSat,ManufacturingServiceHotWaterSun,ManufacturingServiceHotWaterSun,OffDay,OnDay
ManufacturingElevatorWk,ManufacturingElevatorWD,ManufacturingElevatorWD,ManufacturingElevatorWD,ManufacturingElevatorWD,ManufacturingElevatorWD,ManufacturingElevatorSat,ManufacturingElevatorSun,ManufacturingElevatorSun,OffDay,OnDay
ManufacturingRefrigerationWk,ManufacturingRefrigerationWD,ManufacturingRefrigerationWD,ManufacturingRefrigerationWD,ManufacturingRefrigerationWD,ManufacturingRefrigerationWD,ManufacturingRefrigerationSat,ManufacturingRefrigerationSun,ManufacturingRefrigerationSun,ManufacturingRefrigerationSun,ManufacturingRefrigerationWD
ManufacturingGasEquipWk,ManufacturingGasEquipWD,ManufacturingGasEquipWD,ManufacturingGasEquipWD,ManufacturingGasEquipWD,ManufacturingGasEquipWD,ManufacturingGasEquipSat,ManufacturingGasEquipSun,ManufacturingGasEquipSun,OffDay,OnDay
ManufacturingHtgSetptWk,ManufacturingHtgSetptWD,ManufacturingHtgSetptWD,ManufacturingHtgSetptWD,ManufacturingHtgSetptWD,ManufacturingHtgSetptWD,ManufacturingHtgSetptSat,ManufacturingHtgSetptSun,ManufacturingHtgSetptSun,ManufacturingHtgSetptWD,ManufacturingHtgSetptWD
ManufacturingClgSetptWk,ManufacturingClgSetptWD,ManufacturingClgSetptWD,ManufacturingClgSetptWD,ManufacturingClgSetptWD,ManufacturingClgSetptWD,ManufacturingClgSetptSat,ManufacturingClgSetptSun,ManufacturingClgSetptSun,ManufacturingClgSetptWD,ManufacturingClgSetptWD
ManufacturingInfiltrationWk,ManufacturingInfiltrationWD,ManufacturingInfiltrationWD,ManufacturingInfiltrationWD,ManufacturingInfiltrationWD,ManufacturingInfiltrationWD,ManufacturingInfiltrationSat,ManufacturingInfiltrationSun,ManufacturingInfiltrationSun,ManufacturingInfiltrationWD,ManufacturingInfiltrationWD
ManufacturingWtrHtrSetptWk,ManufacturingWtrHtrSetptWD,ManufacturingWtrHtrSetptWD,ManufacturingWtrHtrSetptWD,ManufacturingWtrHtrSetptWD,ManufacturingWtrHtrSetptWD,ManufacturingWtrHtrSetptSat,ManufacturingWtrHtrSetptSun,ManufacturingWtrHtrSetptSun,ManufacturingWtrHtrSetptWD,ManufacturingWtrHtrSetptWD
ManufacturingEscalatorWk,ManufacturingEscalatorWD,ManufacturingEscalatorWD,ManufacturingEscalatorWD,ManufacturingEscalatorWD,ManufacturingEscalatorWD,ManufacturingEscalatorSat,ManufacturingEscalatorSun,ManufacturingEscalatorSun,OffDay,OnDay
OfficeOccupancyWk,OfficeOccupancyWD,OfficeOccupancyWD,OfficeOccupancyWD,OfficeOccupancyWD,OfficeOccupancyWD,OfficeOccupancySat,OfficeOccupancySun,OfficeOccupancySun,OffDay,OnDay
OfficeLightsWk,OfficeLightsWD,OfficeLightsWD,OfficeLightsWD,OfficeLightsWD,OfficeLightsWD,OfficeLightsSat,OfficeLightsSun,OfficeLightsSun,OffDay,OnDay
OfficeReceptacleWk,OfficeReceptacleWD,OfficeReceptacleWD,OfficeReceptacleWD,OfficeReceptacleWD,OfficeReceptacleWD,OfficeReceptacleSat,OfficeReceptacleSun,OfficeReceptacleSun,OffDay,OnDay
OfficeHVACAvailWk,OfficeHVACAvailWD,OfficeHVACAvailWD,OfficeHVACAvailWD,OfficeHVACAvailWD,OfficeHVACAvailWD,OfficeHVACAvailSat,OfficeHVACAvailSun,OfficeHVACAvailSun,OnDay,OnDay
OfficeServiceHotWaterWk,OfficeServiceHotWaterWD,OfficeServiceHotWaterWD,OfficeServiceHotWaterWD,OfficeServiceHotWaterWD,OfficeServiceHotWaterWD,OfficeServiceHotWaterSat,OfficeServiceHotWaterSun,OfficeServiceHotWaterSun,OffDay,OnDay
OfficeElevatorWk,OfficeElevatorWD,OfficeElevatorWD,OfficeElevatorWD,OfficeElevatorWD,OfficeElevatorWD,OfficeElevatorSat,OfficeElevatorSun,OfficeElevatorSun,OffDay,OnDay
OfficeRefrigerationWk,OfficeRefrigerationWD,OfficeRefrigerationWD,OfficeRefrigerationWD,OfficeRefrigerationWD,OfficeRefrigerationWD,OfficeRefrigerationSat,OfficeRefrigerationSun,OfficeRefrigerationSun,OfficeRefrigerationSun,OfficeRefrigerationWD
OfficeHtgSetptWk,OfficeHtgSetptWD,OfficeHtgSetptWD,OfficeHtgSetptWD,OfficeHtgSetptWD,OfficeHtgSetptWD,OfficeHtgSetptSat,OfficeHtgSetptSun,OfficeHtgSetptSun,OfficeHtgSetptWD,OfficeHtgSetptWD
OfficeClgSetptWk,OfficeClgSetptWD,OfficeClgSetptWD,OfficeClgSetptWD,OfficeClgSetptWD,OfficeClgSetptWD,OfficeClgSetptSat,OfficeClgSetptSun,OfficeClgSetptSun,OfficeClgSetptWD,OfficeClgSetptWD
OfficeInfiltrationWk,OfficeInfiltrationWD,OfficeInfiltrationWD,OfficeInfiltrationWD,OfficeInfiltrationWD,OfficeInfiltrationWD,OfficeInfiltrationSat,OfficeInfiltrationSun,OfficeInfiltrationSun,OfficeInfiltrationWD,OfficeInfiltrationWD
OfficeEscalatorWk,OfficeEscalatorWD,OfficeEscalatorWD,OfficeEscalatorWD,OfficeEscalatorWD,OfficeEscalatorWD,OfficeEscalatorSat,OfficeEscalatorSun,OfficeEscalatorSun,OffDay,OnDay
OfficeWtrHtrSetptWk,OfficeWtrHtrSetptWD,OfficeWtrHtrSetptWD,OfficeWtrHtrSetptWD,OfficeWtrHtrSetptWD,OfficeWtrHtrSetptWD,OfficeWtrHtrSetptSat,OfficeWtrHtrSetptSun,OfficeWtrHtrSetptSun,OfficeWtrHtrSetptWD,OfficeWtrHtrSetptWD
OfficeGasEquipWk,OfficeGasEquipWD,OfficeGasEquipWD,OfficeGasEquipWD,OfficeGasEquipWD,OfficeGasEquipWD,OfficeGasEquipSat,OfficeGasEquipSun,OfficeGasEquipSun,OffDay,OnDay
ParkingOccupancyWk,ParkingOccupancyWD,ParkingOccupancyWD,ParkingOccupancyWD,ParkingOccupancyWD,ParkingOccupancyWD,ParkingOccupancySat,ParkingOccupancySun,ParkingOccupancySun,OffDay,OnDay
ParkingLightsWk,ParkingLightsWD,ParkingLightsWD,ParkingLightsWD,ParkingLightsWD,ParkingLightsWD,ParkingLightsSat,ParkingLightsSun,ParkingLightsSun,OffDay,OnDay
ParkingReceptacleWk,ParkingReceptacleWD,ParkingReceptacleWD,ParkingReceptacleWD,ParkingReceptacleWD,ParkingReceptacleWD,ParkingReceptacleSat,ParkingReceptacleSun,ParkingReceptacleSun,OffDay,OnDay
ParkingHVACAvailWk,ParkingHVACAvailWD,ParkingHVACAvailWD,ParkingHVACAvailWD,ParkingHVACAvailWD,ParkingHVACAvailWD,ParkingHVACAvailSat,ParkingHVACAvailSun,ParkingHVACAvailSun,OnDay,OnDay
ParkingServiceHotWaterWk,ParkingServiceHotWaterWD,ParkingServiceHotWaterWD,ParkingServiceHotWaterWD,ParkingServiceHotWaterWD,ParkingServiceHotWaterWD,ParkingServiceHotWaterSat,ParkingServiceHotWaterSun,ParkingServiceHotWaterSun,OffDay,OnDay
ParkingElevatorWk,ParkingElevatorWD,ParkingElevatorWD,ParkingElevatorWD,ParkingElevatorWD,ParkingElevatorWD,ParkingElevatorSat,ParkingElevatorSun,ParkingElevatorSun,OffDay,OnDay
ParkingHtgSetptWk,ParkingHtgSetptWD,ParkingHtgSetptWD,ParkingHtgSetptWD,ParkingHtgSetptWD,ParkingHtgSetptWD,ParkingHtgSetptSat,ParkingHtgSetptSun,ParkingHtgSetptSun,ParkingHtgSetptWD,ParkingHtgSetptWD
ParkingClgSetptWk,ParkingClgSetptWD,ParkingClgSetptWD,ParkingClgSetptWD,ParkingClgSetptWD,ParkingClgSetptWD,ParkingClgSetptSat,ParkingClgSetptSun,ParkingClgSetptSun,ParkingClgSetptWD,ParkingClgSetptWD
ParkingInfiltrationWk,ParkingInfiltrationWD,ParkingInfiltrationWD,ParkingInfiltrationWD,ParkingInfiltrationWD,ParkingInfiltrationWD,ParkingInfiltrationSat,ParkingInfiltrationSun,ParkingInfiltrationSun,ParkingInfiltrationWD,ParkingInfiltrationWD
ParkingEscalatorWk,ParkingEscalatorWD,ParkingEscalatorWD,ParkingEscalatorWD,ParkingEscalatorWD,ParkingEscalatorWD,ParkingEscalatorSat,ParkingEscalatorSun,ParkingEscalatorSun,OffDay,OnDay
ParkingGasEquipWk,ParkingGasEquipWD,ParkingGasEquipWD,ParkingGasEquipWD,ParkingGasEquipWD,ParkingGasEquipWD,ParkingGasEquipSat,ParkingGasEquipSun,ParkingGasEquipSun,OffDay,OnDay
ParkingRefrigerationWk,ParkingRefrigerationWD,ParkingRefrigerationWD,ParkingRefrigerationWD,ParkingRefrigerationWD,ParkingRefrigerationWD,ParkingRefrigerationSat,ParkingRefrigerationSun,ParkingRefrigerationSun,ParkingRefrigerationSun,ParkingRefrigerationWD
ParkingWtrHtrSetptWk,ParkingWtrHtrSetptWD,ParkingWtrHtrSetptWD,ParkingWtrHtrSetptWD,ParkingWtrHtrSetptWD,ParkingWtrHtrSetptWD,ParkingWtrHtrSetptSat,ParkingWtrHtrSetptSun,ParkingWtrHtrSetptSun,ParkingWtrHtrSetptWD,ParkingWtrHtrSetptWD
ResidentialCommonOccupancyWk,ResidentialCommonOccupancyWD,ResidentialCommonOccupancyWD,ResidentialCommonOccupancyWD,ResidentialCommonOccupancyWD,ResidentialCommonOccupancyWD,ResidentialCommonOccupancySat,ResidentialCommonOccupancySun,ResidentialCommonOccupancySun,OffDay,OnDay
ResidentialCommonLightsWk,ResidentialCommonLightsWD,ResidentialCommonLightsWD,ResidentialCommonLightsWD,ResidentialCommonLightsWD,ResidentialCommonLightsWD,ResidentialCommonLightsSat,ResidentialCommonLightsSun,ResidentialCommonLightsSun,OffDay,OnDay
ResidentialCommonReceptacleWk,ResidentialCommonReceptacleWD,ResidentialCommonReceptacleWD,ResidentialCommonReceptacleWD,ResidentialCommonReceptacleWD,ResidentialCommonReceptacleWD,ResidentialCommonReceptacleSat,ResidentialCommonReceptacleSun,ResidentialCommonReceptacleSun,OffDay,OnDay
ResidentialCommonHVACAvailWk,ResidentialCommonHVACAvailWD,ResidentialCommonHVACAvailWD,ResidentialCommonHVACAvailWD,ResidentialCommonHVACAvailWD,ResidentialCommonHVACAvailWD,ResidentialCommonHVACAvailSat,ResidentialCommonHVACAvailSun,ResidentialCommonHVACAvailSun,OnDay,OnDay
ResidentialCommonServiceHotWaterWk,ResidentialCommonServiceHotWaterWD,ResidentialCommonServiceHotWaterWD,ResidentialCommonServiceHotWaterWD,ResidentialCommonServiceHotWaterWD,ResidentialCommonServiceHotWaterWD,ResidentialCommonServiceHotWaterSat,ResidentialCommonServiceHotWaterSun,ResidentialCommonServiceHotWaterSun,OffDay,OnDay
ResidentialCommonGasEquipWk,ResidentialCommonGasEquipWD,ResidentialCommonGasEquipWD,ResidentialCommonGasEquipWD,ResidentialCommonGasEquipWD,ResidentialCommonGasEquipWD,ResidentialCommonGasEquipSat,ResidentialCommonGasEquipSun,ResidentialCommonGasEquipSun,OffDay,OnDay
ResidentialCommonHtgSetptWk,ResidentialCommonHtgSetptWD,ResidentialCommonHtgSetptWD,ResidentialCommonHtgSetptWD,ResidentialCommonHtgSetptWD,ResidentialCommonHtgSetptWD,ResidentialCommonHtgSetptSat,ResidentialCommonHtgSetptSun,ResidentialCommonHtgSetptSun,ResidentialCommonHtgSetptWD,ResidentialCommonHtgSetptWD
ResidentialCommonClgSetptWk,ResidentialCommonClgSetptWD,ResidentialCommonClgSetptWD,ResidentialCommonClgSetptWD,ResidentialCommonClgSetptWD,ResidentialCommonClgSetptWD,ResidentialCommonClgSetptSat,ResidentialCommonClgSetptSun,ResidentialCommonClgSetptSun,ResidentialCommonClgSetptWD,ResidentialCommonClgSetptWD
ResidentialCommonInfiltrationWk,ResidentialCommonInfiltrationWD,ResidentialCommonInfiltrationWD,ResidentialCommonInfiltrationWD,ResidentialCommonInfiltrationWD,ResidentialCommonInfiltrationWD,ResidentialCommonInfiltrationSat,ResidentialCommonInfiltrationSun,ResidentialCommonInfiltrationSun,ResidentialCommonInfiltrationWD,ResidentialCommonInfiltrationWD
ResidentialCommonWtrHtrSetptWk,ResidentialCommonWtrHtrSetptWD,ResidentialCommonWtrHtrSetptWD,ResidentialCommonWtrHtrSetptWD,ResidentialCommonWtrHtrSetptWD,ResidentialCommonWtrHtrSetptWD,ResidentialCommonWtrHtrSetptSat,ResidentialCommonWtrHtrSetptSun,ResidentialCommonWtrHtrSetptSun,ResidentialCommonWtrHtrSetptWD,ResidentialCommonWtrHtrSetptWD
ResidentialCommonElevatorWk,ResidentialCommonElevatorWD,ResidentialCommonElevatorWD,ResidentialCommonElevatorWD,ResidentialCommonElevatorWD,ResidentialCommonElevatorWD,ResidentialCommonElevatorSat,ResidentialCommonElevatorSun,ResidentialCommonElevatorSun,OffDay,OnDay
ResidentialCommonEscalatorWk,ResidentialCommonEscalatorWD,ResidentialCommonEscalatorWD,ResidentialCommonEscalatorWD,ResidentialCommonEscalatorWD,ResidentialCommonEscalatorWD,ResidentialCommonEscalatorSat,ResidentialCommonEscalatorSun,ResidentialCommonEscalatorSun,OffDay,OnDay
ResidentialCommonRefrigerationWk,ResidentialCommonRefrigerationWD,ResidentialCommonRefrigerationWD,ResidentialCommonRefrigerationWD,ResidentialCommonRefrigerationWD,ResidentialCommonRefrigerationWD,ResidentialCommonRefrigerationSat,ResidentialCommonRefrigerationSun,ResidentialCommonRefrigerationSun,ResidentialCommonRefrigerationSun,ResidentialCommonRefrigerationWD
ResidentialLivingOccupancyWk,ResidentialLivingOccupancyWD,ResidentialLivingOccupancyWD,ResidentialLivingOccupancyWD,ResidentialLivingOccupancyWD,ResidentialLivingOccupancyWD,ResidentialLivingOccupancySat,ResidentialLivingOccupancySun,ResidentialLivingOccupancySun,OffDay,OnDay
ResidentialLivingLightsWk,ResidentialLivingLightsWD,ResidentialLivingLightsWD,ResidentialLivingLightsWD,ResidentialLivingLightsWD,ResidentialLivingLightsWD,ResidentialLivingLightsSat,ResidentialLivingLightsSun,ResidentialLivingLightsSun,OffDay,OnDay
ResidentialLivingReceptacleWk,ResidentialLivingReceptacleWD,ResidentialLivingReceptacleWD,ResidentialLivingReceptacleWD,ResidentialLivingReceptacleWD,ResidentialLivingReceptacleWD,ResidentialLivingReceptacleSat,ResidentialLivingReceptacleSun,ResidentialLivingReceptacleSun,OffDay,OnDay
ResidentialLivingHVACAvailWk,ResidentialLivingHVACAvailWD,ResidentialLivingHVACAvailWD,ResidentialLivingHVACAvailWD,ResidentialLivingHVACAvailWD,ResidentialLivingHVACAvailWD,ResidentialLivingHVACAvailSat,ResidentialLivingHVACAvailSun,ResidentialLivingHVACAvailSun,OnDay,OnDay
ResidentialLivingServiceHotWaterWk,ResidentialLivingServiceHotWaterWD,ResidentialLivingServiceHotWaterWD,ResidentialLivingServiceHotWaterWD,ResidentialLivingServiceHotWaterWD,ResidentialLivingServiceHotWaterWD,ResidentialLivingServiceHotWaterSat,ResidentialLivingServiceHotWaterSun,ResidentialLivingServiceHotWaterSun,OffDay,OnDay
ResidentialLivingGasEquipWk,ResidentialLivingGasEquipWD,ResidentialLivingGasEquipWD,ResidentialLivingGasEquipWD,ResidentialLivingGasEquipWD,ResidentialLivingGasEquipWD,ResidentialLivingGasEquipSat,ResidentialLivingGasEquipSun,ResidentialLivingGasEquipSun,OffDay,OnDay
ResidentialLivingHtgSetptWk,ResidentialLivingHtgSetptWD,ResidentialLivingHtgSetptWD,ResidentialLivingHtgSetptWD,ResidentialLivingHtgSetptWD,ResidentialLivingHtgSetptWD,ResidentialLivingHtgSetptSat,ResidentialLivingHtgSetptSun,ResidentialLivingHtgSetptSun,ResidentialLivingHtgSetptWD,ResidentialLivingHtgSetptWD
ResidentialLivingClgSetptWk,ResidentialLivingClgSetptWD,ResidentialLivingClgSetptWD,ResidentialLivingClgSetptWD,ResidentialLivingClgSetptWD,ResidentialLivingClgSetptWD,ResidentialLivingClgSetptSat,ResidentialLivingClgSetptSun,ResidentialLivingClgSetptSun,ResidentialLivingClgSetptWD,ResidentialLivingClgSetptWD
ResidentialLivingInfiltrationWk,ResidentialLivingInfiltrationWD,ResidentialLivingInfiltrationWD,ResidentialLivingInfiltrationWD,ResidentialLivingInfiltrationWD,ResidentialLivingInfiltrationWD,ResidentialLivingInfiltrationSat,ResidentialLivingInfiltrationSun,ResidentialLivingInfiltrationSun,ResidentialLivingInfiltrationWD,ResidentialLivingInfiltrationWD
ResidentialLivingWtrHtrSetptWk,ResidentialLivingWtrHtrSetptWD,ResidentialLivingWtrHtrSetptWD,ResidentialLivingWtrHtrSetptWD,ResidentialLivingWtrHtrSetptWD,ResidentialLivingWtrHtrSetptWD,ResidentialLivingWtrHtrSetptSat,ResidentialLivingWtrHtrSetptSun,ResidentialLivingWtrHtrSetptSun,ResidentialLivingWtrHtrSetptWD,ResidentialLivingWtrHtrSetptWD
ResidentialLivingElevatorWk,ResidentialLivingElevatorWD,ResidentialLivingElevatorWD,ResidentialLivingElevatorWD,ResidentialLivingElevatorWD,ResidentialLivingElevatorWD,ResidentialLivingElevatorSat,ResidentialLivingElevatorSun,ResidentialLivingElevatorSun,OffDay,OnDay
ResidentialLivingEscalatorWk,ResidentialLivingEscalatorWD,ResidentialLivingEscalatorWD,ResidentialLivingEscalatorWD,ResidentialLivingEscalatorWD,ResidentialLivingEscalatorWD,ResidentialLivingEscalatorSat,ResidentialLivingEscalatorSun,ResidentialLivingEscalatorSun,OffDay,OnDay
ResidentialLivingRefrigerationWk,ResidentialLivingRefrigerationWD,ResidentialLivingRefrigerationWD,ResidentialLivingRefrigerationWD,ResidentialLivingRefrigerationWD,ResidentialLivingRefrigerationWD,ResidentialLivingRefrigerationSat,ResidentialLivingRefrigerationSun,ResidentialLivingRefrigerationSun,ResidentialLivingRefrigerationSun,ResidentialLivingRefrigerationWD
RestaurantOccupancyWk,RestaurantOccupancyWD,RestaurantOccupancyWD,RestaurantOccupancyWD,RestaurantOccupancyWD,RestaurantOccupancyWD,RestaurantOccupancySat,RestaurantOccupancySun,RestaurantOccupancySun,OffDay,OnDay
RestaurantLightsWk,RestaurantLightsWD,RestaurantLightsWD,RestaurantLightsWD,RestaurantLightsWD,RestaurantLightsWD,RestaurantLightsSat,RestaurantLightsSun,RestaurantLightsSun,OffDay,OnDay
RestaurantReceptacleWk,RestaurantReceptacleWD,RestaurantReceptacleWD,RestaurantReceptacleWD,RestaurantReceptacleWD,RestaurantReceptacleWD,RestaurantReceptacleSat,RestaurantReceptacleSun,RestaurantReceptacleSun,OffDay,OnDay
RestaurantHVACAvailWk,RestaurantHVACAvailWD,RestaurantHVACAvailWD,RestaurantHVACAvailWD,RestaurantHVACAvailWD,RestaurantHVACAvailWD,RestaurantHVACAvailSat,RestaurantHVACAvailSun,RestaurantHVACAvailSun,OnDay,OnDay
RestaurantServiceHotWaterWk,RestaurantServiceHotWaterWD,RestaurantServiceHotWaterWD,RestaurantServiceHotWaterWD,RestaurantServiceHotWaterWD,RestaurantServiceHotWaterWD,RestaurantServiceHotWaterSat,RestaurantServiceHotWaterSun,RestaurantServiceHotWaterSun,OffDay,OnDay
RestaurantElevatorWk,RestaurantElevatorWD,RestaurantElevatorWD,RestaurantElevatorWD,RestaurantElevatorWD,RestaurantElevatorWD,RestaurantElevatorSat,RestaurantElevatorSun,RestaurantElevatorSun,OffDay,OnDay
RestaurantExhaustHoodEqualOrLessThan5000cfmWk,RestaurantExhaustHoodEqualOrLessThan5000cfmWD,RestaurantExhaustHoodEqualOrLessThan5000cfmWD,RestaurantExhaustHoodEqualOrLessThan5000cfmWD,RestaurantExhaustHoodEqualOrLessThan5000cfmWD,RestaurantExhaustHoodEqualOrLessThan5000cfmWD,RestaurantExhaustHoodEqualOrLessThan5000cfmSat,RestaurantExhaustHoodEqualOrLessThan5000cfmSun,RestaurantExhaustHoodEqualOrLessThan5000cfmSun,RestaurantExhaustHoodEqualOrLessThan5000cfmSun,RestaurantExhaustHoodEqualOrLessThan5000cfmWD
RestaurantExhaustHoodGreaterThan5000cfmWk,RestaurantExhaustHoodGreaterThan5000cfmWD,RestaurantExhaustHoodGreaterThan5000cfmWD,RestaurantExhaustHoodGreaterThan5000cfmWD,RestaurantExhaustHoodGreaterThan5000cfmWD,RestaurantExhaustHoodGreaterThan5000cfmWD,RestaurantExhaustHoodGreaterThan5000cfmSat,RestaurantExhaustHoodGreaterThan5000cfmSun,RestaurantExhaustHoodGreaterThan5000cfmSun,RestaurantExhaustHoodGreaterThan5000cfmSun,RestaurantExhaustHoodGreaterThan5000cfmWD
RestaurantRefrigerationWk,RestaurantRefrigerationWD,RestaurantRefrigerationWD,RestaurantRefrigerationWD,RestaurantRefrigerationWD,RestaurantRefrigerationWD,RestaurantRefrigerationSat,RestaurantRefrigerationSun,RestaurantRefrigerationSun,RestaurantRefrigerationSun,RestaurantRefrigerationWD
RestaurantGasEquipWk,RestaurantGasEquipWD,RestaurantGasEquipWD,RestaurantGasEquipWD,RestaurantGasEquipWD,RestaurantGasEquipWD,RestaurantGasEquipSat,RestaurantGasEquipSun,RestaurantGasEquipSun,OffDay,OnDay
RestaurantHtgSetptWk,RestaurantHtgSetptWD,RestaurantHtgSetptWD,RestaurantHtgSetptWD,RestaurantHtgSetptWD,RestaurantHtgSetptWD,RestaurantHtgSetptSat,RestaurantHtgSetptSun,RestaurantHtgSetptSun,RestaurantHtgSetptWD,RestaurantHtgSetptWD
RestaurantClgSetptWk,RestaurantClgSetptWD,RestaurantClgSetptWD,RestaurantClgSetptWD,RestaurantClgSetptWD,RestaurantClgSetptWD,RestaurantClgSetptSat,RestaurantClgSetptSun,RestaurantClgSetptSun,RestaurantClgSetptWD,RestaurantClgSetptWD
RestaurantInfiltrationWk,RestaurantInfiltrationWD,RestaurantInfiltrationWD,RestaurantInfiltrationWD,RestaurantInfiltrationWD,RestaurantInfiltrationWD,RestaurantInfiltrationSat,RestaurantInfiltrationSun,RestaurantInfiltrationSun,RestaurantInfiltrationWD,RestaurantInfiltrationWD
RestaurantWtrHtrSetptWk,RestaurantWtrHtrSetptWD,RestaurantWtrHtrSetptWD,RestaurantWtrHtrSetptWD,RestaurantWtrHtrSetptWD,RestaurantWtrHtrSetptWD,RestaurantWtrHtrSetptSat,RestaurantWtrHtrSetptSun,RestaurantWtrHtrSetptSun,RestaurantWtrHtrSetptWD,RestaurantWtrHtrSetptWD
RestaurantEscalatorWk,RestaurantEscalatorWD,RestaurantEscalatorWD,RestaurantEscalatorWD,RestaurantEscalatorWD,RestaurantEscalatorWD,RestaurantEscalatorSat,RestaurantEscalatorSun,RestaurantEscalatorSun,OffDay,OnDay
RetailOccupancyWk,RetailOccupancyWD,RetailOccupancyWD,RetailOccupancyWD,RetailOccupancyWD,RetailOccupancyWD,RetailOccupancySat,RetailOccupancySun,RetailOccupancySun,OffDay,OnDay
RetailLightsWk,RetailLightsWD,RetailLightsWD,RetailLightsWD,RetailLightsWD,RetailLightsWD,RetailLightsSat,RetailLightsSun,RetailLightsSun,OffDay,OnDay
RetailReceptacleWk,RetailReceptacleWD,RetailReceptacleWD,RetailReceptacleWD,RetailReceptacleWD,RetailReceptacleWD,RetailReceptacleSat,RetailReceptacleSun,RetailReceptacleSun,OffDay,OnDay
RetailHVACAvailWk,RetailHVACAvailWD,RetailHVACAvailWD,RetailHVACAvailWD,RetailHVACAvailWD,RetailHVACAvailWD,RetailHVACAvailSat,RetailHVACAvailSun,RetailHVACAvailSun,OnDay,OnDay
RetailServiceHotWaterWk,RetailServiceHotWaterWD,RetailServiceHotWaterWD,RetailServiceHotWaterWD,RetailServiceHotWaterWD,RetailServiceHotWaterWD,RetailServiceHotWaterSat,RetailServiceHotWaterSun,RetailServiceHotWaterSun,OffDay,OnDay
RetailElevatorWk,RetailElevatorWD,RetailElevatorWD,RetailElevatorWD,RetailElevatorWD,RetailElevatorWD,RetailElevatorSat,RetailElevatorSun,RetailElevatorSun,OffDay,OnDay
RetailRefrigerationWk,RetailRefrigerationWD,RetailRefrigerationWD,RetailRefrigerationWD,RetailRefrigerationWD,RetailRefrigerationWD,RetailRefrigerationSat,RetailRefrigerationSun,RetailRefrigerationSun,RetailRefrigerationSun,RetailRefrigerationWD
RetailGasEquipWk,RetailGasEquipWD,RetailGasEquipWD,RetailGasEquipWD,RetailGasEquipWD,RetailGasEquipWD,RetailGasEquipSat,RetailGasEquipSun,RetailGasEquipSun,OffDay,OnDay
RetailHtgSetptWk,RetailHtgSetptWD,RetailHtgSetptWD,RetailHtgSetptWD,RetailHtgSetptWD,RetailHtgSetptWD,RetailHtgSetptSat,RetailHtgSetptSun,RetailHtgSetptSun,RetailHtgSetptWD,RetailHtgSetptWD
RetailClgSetptWk,RetailClgSetptWD,RetailClgSetptWD,RetailClgSetptWD,RetailClgSetptWD,RetailClgSetptWD,RetailClgSetptSat,RetailClgSetptSun,RetailClgSetptSun,RetailClgSetptWD,RetailClgSetptWD
RetailInfiltrationWk,RetailInfiltrationWD,RetailInfiltrationWD,RetailInfiltrationWD,RetailInfiltrationWD,RetailInfiltrationWD,RetailInfiltrationSat,RetailInfiltrationSun,RetailInfiltrationSun,RetailInfiltrationWD,RetailInfiltrationWD
RetailEscalatorWk,RetailEscalatorWD,RetailEscalatorWD,RetailEscalatorWD,RetailEscalatorWD,RetailEscalatorWD,RetailEscalatorSat,RetailEscalatorSun,RetailEscalatorSun,OffDay,OnDay
RetailWtrHtrSetptWk,RetailWtrHtrSetptWD,RetailWtrHtrSetptWD,RetailWtrHtrSetptWD,RetailWtrHtrSetptWD,RetailWtrHtrSetptWD,RetailWtrHtrSetptSat,RetailWtrHtrSetptSun,RetailWtrHtrSetptSun,RetailWtrHtrSetptWD,RetailWtrHtrSetptWD
SchoolOccupancyWk,SchoolOccupancyWD,SchoolOccupancyWD,SchoolOccupancyWD,SchoolOccupancyWD,SchoolOccupancyWD,SchoolOccupancySat,SchoolOccupancySun,SchoolOccupancySun,OffDay,OnDay
SchoolLightsWk,SchoolLightsWD,SchoolLightsWD,SchoolLightsWD,SchoolLightsWD,SchoolLightsWD,SchoolLightsSat,SchoolLightsSun,SchoolLightsSun,OffDay,OnDay
SchoolReceptacleWk,SchoolReceptacleWD,SchoolReceptacleWD,SchoolReceptacleWD,SchoolReceptacleWD,SchoolReceptacleWD,SchoolReceptacleSat,SchoolReceptacleSun,SchoolReceptacleSun,OffDay,OnDay
SchoolHVACAvailWk,SchoolHVACAvailWD,SchoolHVACAvailWD,SchoolHVACAvailWD,SchoolHVACAvailWD,SchoolHVACAvailWD,SchoolHVACAvailSat,SchoolHVACAvailSun,SchoolHVACAvailSun,OnDay,OnDay
SchoolServiceHotWaterWk,SchoolServiceHotWaterWD,SchoolServiceHotWaterWD,SchoolServiceHotWaterWD,SchoolServiceHotWaterWD,SchoolServiceHotWaterWD,SchoolServiceHotWaterSat,SchoolServiceHotWaterSun,SchoolServiceHotWaterSun,OffDay,OnDay
SchoolElevatorWk,SchoolElevatorWD,SchoolElevatorWD,SchoolElevatorWD,SchoolElevatorWD,SchoolElevatorWD,SchoolElevatorSat,SchoolElevatorSun,SchoolElevatorSun,OffDay,OnDay
SchoolRefrigerationWk,SchoolRefrigerationWD,SchoolRefrigerationWD,SchoolRefrigerationWD,SchoolRefrigerationWD,SchoolRefrigerationWD,SchoolRefrigerationSat,SchoolRefrigerationSun,SchoolRefrigerationSun,SchoolRefrigerationSun,SchoolRefrigerationWD
SchoolGasEquipWk,SchoolGasEquipWD,SchoolGasEquipWD,SchoolGasEquipWD,SchoolGasEquipWD,SchoolGasEquipWD,SchoolGasEquipSat,SchoolGasEquipSun,SchoolGasEquipSun,OffDay,OnDay
SchoolHtgSetptWk,SchoolHtgSetptWD,SchoolHtgSetptWD,SchoolHtgSetptWD,SchoolHtgSetptWD,SchoolHtgSetptWD,SchoolHtgSetptSat,SchoolHtgSetptSun,SchoolHtgSetptSun,SchoolHtgSetptWD,SchoolHtgSetptWD
SchoolClgSetptWk,SchoolClgSetptWD,SchoolClgSetptWD,SchoolClgSetptWD,SchoolClgSetptWD,SchoolClgSetptWD,SchoolClgSetptSat,SchoolClgSetptSun,SchoolClgSetptSun,SchoolClgSetptWD,SchoolClgSetptWD
SchoolInfiltrationWk,SchoolInfiltrationWD,SchoolInfiltrationWD,SchoolInfiltrationWD,SchoolInfiltrationWD,SchoolInfiltrationWD,SchoolInfiltrationSat,SchoolInfiltrationSun,SchoolInfiltrationSun,SchoolInfiltrationWD,SchoolInfiltrationWD
SchoolWtrHtrSetptWk,SchoolWtrHtrSetptWD,SchoolWtrHtrSetptWD,SchoolWtrHtrSetptWD,SchoolWtrHtrSetptWD,SchoolWtrHtrSetptWD,SchoolWtrHtrSetptSat,SchoolWtrHtrSetptSun,SchoolWtrHtrSetptSun,SchoolWtrHtrSetptWD,SchoolWtrHtrSetptWD
SchoolEscalatorWk,SchoolEscalatorWD,SchoolEscalatorWD,SchoolEscalatorWD,SchoolEscalatorWD,SchoolEscalatorWD,SchoolEscalatorSat,SchoolEscalatorSun,SchoolEscalatorSun,OffDay,OnDay
WarehouseOccupancyWk,WarehouseOccupancyWD,WarehouseOccupancyWD,WarehouseOccupancyWD,WarehouseOccupancyWD,WarehouseOccupancyWD,WarehouseOccupancySat,WarehouseOccupancySun,WarehouseOccupancySun,OffDay,OnDay
WarehouseLightsWk,WarehouseLightsWD,WarehouseLightsWD,WarehouseLightsWD,WarehouseLightsWD,WarehouseLightsWD,WarehouseLightsSat,WarehouseLightsSun,WarehouseLightsSun,OffDay,OnDay
WarehouseReceptacleWk,WarehouseReceptacleWD,WarehouseReceptacleWD,WarehouseReceptacleWD,WarehouseReceptacleWD,WarehouseReceptacleWD,WarehouseReceptacleSat,WarehouseReceptacleSun,WarehouseReceptacleSun,OffDay,OnDay
WarehouseHVACAvailWk,WarehouseHVACAvailWD,WarehouseHVACAvailWD,WarehouseHVACAvailWD,WarehouseHVACAvailWD,WarehouseHVACAvailWD,WarehouseHVACAvailSat,WarehouseHVACAvailSun,WarehouseHVACAvailSun,OnDay,OnDay
WarehouseServiceHotWaterWk,WarehouseServiceHotWaterWD,WarehouseServiceHotWaterWD,WarehouseServiceHotWaterWD,WarehouseServiceHotWaterWD,WarehouseServiceHotWaterWD,WarehouseServiceHotWaterSat,WarehouseServiceHotWaterSun,WarehouseServiceHotWaterSun,OffDay,OnDay
WarehouseElevatorWk,WarehouseElevatorWD,WarehouseElevatorWD,WarehouseElevatorWD,WarehouseElevatorWD,WarehouseElevatorWD,WarehouseElevatorSat,WarehouseElevatorSun,WarehouseElevatorSun,OffDay,OnDay
WarehouseRefrigerationWk,WarehouseRefrigerationWD,WarehouseRefrigerationWD,WarehouseRefrigerationWD,WarehouseRefrigerationWD,WarehouseRefrigerationWD,WarehouseRefrigerationSat,WarehouseRefrigerationSun,WarehouseRefrigerationSun,WarehouseRefrigerationSun,WarehouseRefrigerationWD
WarehouseHtgSetptWk,WarehouseHtgSetptWD,WarehouseHtgSetptWD,WarehouseHtgSetptWD,WarehouseHtgSetptWD,WarehouseHtgSetptWD,WarehouseHtgSetptSat,WarehouseHtgSetptSun,WarehouseHtgSetptSun,WarehouseHtgSetptWD,WarehouseHtgSetptWD
WarehouseClgSetptWk,WarehouseClgSetptWD,WarehouseClgSetptWD,WarehouseClgSetptWD,WarehouseClgSetptWD,WarehouseClgSetptWD,WarehouseClgSetptSat,WarehouseClgSetptSun,WarehouseClgSetptSun,WarehouseClgSetptWD,WarehouseClgSetptWD
WarehouseInfiltrationWk,WarehouseInfiltrationWD,WarehouseInfiltrationWD,WarehouseInfiltrationWD,WarehouseInfiltrationWD,WarehouseInfiltrationWD,WarehouseInfiltrationSat,WarehouseInfiltrationSun,WarehouseInfiltrationSun,WarehouseInfiltrationWD,WarehouseInfiltrationWD
WarehouseEscalatorWk,WarehouseEscalatorWD,WarehouseEscalatorWD,WarehouseEscalatorWD,WarehouseEscalatorWD,WarehouseEscalatorWD,WarehouseEscalatorSat,WarehouseEscalatorSun,WarehouseEscalatorSun,OffDay,OnDay
WarehouseWtrHtrSetptWk,WarehouseWtrHtrSetptWD,WarehouseWtrHtrSetptWD,WarehouseWtrHtrSetptWD,WarehouseWtrHtrSetptWD,WarehouseWtrHtrSetptWD,WarehouseWtrHtrSetptSat,WarehouseWtrHtrSetptSun,WarehouseWtrHtrSetptSun,WarehouseWtrHtrSetptWD,WarehouseWtrHtrSetptWD
WarehouseGasEquipWk,WarehouseGasEquipWD,WarehouseGasEquipWD,WarehouseGasEquipWD,WarehouseGasEquipWD,WarehouseGasEquipWD,WarehouseGasEquipSat,WarehouseGasEquipSun,WarehouseGasEquipSun,OffDay,OnDay
WaterMainCZ01JanWk,WaterMainCZ01Jan,WaterMainCZ01Jan,WaterMainCZ01Jan,WaterMainCZ01Jan,WaterMainCZ01Jan,WaterMainCZ01Jan,WaterMainCZ01Jan,WaterMainCZ01Jan,WaterMainCZ01Jan,WaterMainCZ01Jan
WaterMainCZ01FebWk,WaterMainCZ01Feb,WaterMainCZ01Feb,WaterMainCZ01Feb,WaterMainCZ01Feb,WaterMainCZ01Feb,WaterMainCZ01Feb,WaterMainCZ01Feb,WaterMainCZ01Feb,WaterMainCZ01Feb,WaterMainCZ01Feb
WaterMainCZ01MarWk,WaterMainCZ01Mar,WaterMainCZ01Mar,WaterMainCZ01Mar,WaterMainCZ01Mar,WaterMainCZ01Mar,WaterMainCZ01Mar,WaterMainCZ01Mar,WaterMainCZ01Mar,WaterMainCZ01Mar,WaterMainCZ01Mar
WaterMainCZ01AprWk,WaterMainCZ01Apr,WaterMainCZ01Apr,WaterMainCZ01Apr,WaterMainCZ01Apr,WaterMainCZ01Apr,WaterMainCZ01Apr,WaterMainCZ01Apr,WaterMainCZ01Apr,WaterMainCZ01Apr,WaterMainCZ01Apr
WaterMainCZ01MayWk,WaterMainCZ01May,WaterMainCZ01May,WaterMainCZ01May,WaterMainCZ01May,WaterMainCZ01May,WaterMainCZ01May,WaterMainCZ01May,WaterMainCZ01May,WaterMainCZ01May,WaterMainCZ01May
WaterMainCZ01JunWk,WaterMainCZ01Jun,WaterMainCZ01Jun,WaterMainCZ01Jun,WaterMainCZ01Jun,WaterMainCZ01Jun,WaterMainCZ01Jun,WaterMainCZ01Jun,WaterMainCZ01Jun,WaterMainCZ01Jun,WaterMainCZ01Jun
WaterMainCZ01JulWk,WaterMainCZ01Jul,WaterMainCZ01Jul,WaterMainCZ01Jul,WaterMainCZ01Jul,WaterMainCZ01Jul,WaterMainCZ01Jul,WaterMainCZ01Jul,WaterMainCZ01Jul,WaterMainCZ01Jul,WaterMainCZ01Jul
WaterMainCZ01AugWk,WaterMainCZ01Aug,WaterMainCZ01Aug,WaterMainCZ01Aug,WaterMainCZ01Aug,WaterMainCZ01Aug,WaterMainCZ01Aug,WaterMainCZ01Aug,WaterMainCZ01Aug,WaterMainCZ01Aug,WaterMainCZ01Aug
WaterMainCZ01SepWk,WaterMainCZ01Sep,WaterMainCZ01Sep,WaterMainCZ01Sep,WaterMainCZ01Sep,WaterMainCZ01Sep,WaterMainCZ01Sep,WaterMainCZ01Sep,WaterMainCZ01Sep,WaterMainCZ01Sep,WaterMainCZ01Sep
WaterMainCZ01OctWk,WaterMainCZ01Oct,WaterMainCZ01Oct,WaterMainCZ01Oct,WaterMainCZ01Oct,WaterMainCZ01Oct,WaterMainCZ01Oct,WaterMainCZ01Oct,WaterMainCZ01Oct,WaterMainCZ01Oct,WaterMainCZ01Oct
WaterMainCZ01NovWk,WaterMainCZ01Nov,WaterMainCZ01Nov,WaterMainCZ01Nov,WaterMainCZ01Nov,WaterMainCZ01Nov,WaterMainCZ01Nov,WaterMainCZ01Nov,WaterMainCZ01Nov,WaterMainCZ01Nov,WaterMainCZ01Nov
WaterMainCZ01DecWk,WaterMainCZ01Dec,WaterMainCZ01Dec,WaterMainCZ01Dec,WaterMainCZ01Dec,WaterMainCZ01Dec,WaterMainCZ01Dec,WaterMainCZ01Dec,WaterMainCZ01Dec,WaterMainCZ01Dec,WaterMainCZ01Dec
WaterMainCZ02JanWk,WaterMainCZ02Jan,WaterMainCZ02Jan,WaterMainCZ02Jan,WaterMainCZ02Jan,WaterMainCZ02Jan,WaterMainCZ02Jan,WaterMainCZ02Jan,WaterMainCZ02Jan,WaterMainCZ02Jan,WaterMainCZ02Jan
WaterMainCZ02FebWk,WaterMainCZ02Feb,WaterMainCZ02Feb,WaterMainCZ02Feb,WaterMainCZ02Feb,WaterMainCZ02Feb,WaterMainCZ02Feb,WaterMainCZ02Feb,WaterMainCZ02Feb,WaterMainCZ02Feb,WaterMainCZ02Feb
WaterMainCZ02MarWk,WaterMainCZ02Mar,WaterMainCZ02Mar,WaterMainCZ02Mar,WaterMainCZ02Mar,WaterMainCZ02Mar,WaterMainCZ02Mar,WaterMainCZ02Mar,WaterMainCZ02Mar,WaterMainCZ02Mar,WaterMainCZ02Mar
WaterMainCZ02AprWk,WaterMainCZ02Apr,WaterMainCZ02Apr,WaterMainCZ02Apr,WaterMainCZ02Apr,WaterMainCZ02Apr,WaterMainCZ02Apr,WaterMainCZ02Apr,WaterMainCZ02Apr,WaterMainCZ02Apr,WaterMainCZ02Apr
WaterMainCZ02MayWk,WaterMainCZ02May,WaterMainCZ02May,WaterMainCZ02May,WaterMainCZ02May,WaterMainCZ02May,WaterMainCZ02May,WaterMainCZ02May,WaterMainCZ02May,WaterMainCZ02May,WaterMainCZ02May
WaterMainCZ02JunWk,WaterMainCZ02Jun,WaterMainCZ02Jun,WaterMainCZ02Jun,WaterMainCZ02Jun,WaterMainCZ02Jun,WaterMainCZ02Jun,WaterMainCZ02Jun,WaterMainCZ02Jun,WaterMainCZ02Jun,WaterMainCZ02Jun
WaterMainCZ02JulWk,WaterMainCZ02Jul,WaterMainCZ02Jul,WaterMainCZ02Jul,WaterMainCZ02Jul,WaterMainCZ02Jul,WaterMainCZ02Jul,WaterMainCZ02Jul,WaterMainCZ02Jul,WaterMainCZ02Jul,WaterMainCZ02Jul
WaterMainCZ02AugWk,WaterMainCZ02Aug,WaterMainCZ02Aug,WaterMainCZ02Aug,WaterMainCZ02Aug,WaterMainCZ02Aug,WaterMainCZ02Aug,WaterMainCZ02Aug,WaterMainCZ02Aug,WaterMainCZ02Aug,WaterMainCZ02Aug
WaterMainCZ02SepWk,WaterMainCZ02Sep,WaterMainCZ02Sep,WaterMainCZ02Sep,WaterMainCZ02Sep,WaterMainCZ02Sep,WaterMainCZ02Sep,WaterMainCZ02Sep,WaterMainCZ02Sep,WaterMainCZ02Sep,WaterMainCZ02Sep
WaterMainCZ02OctWk,WaterMainCZ02Oct,WaterMainCZ02Oct,WaterMainCZ02Oct,WaterMainCZ02Oct,WaterMainCZ02Oct,WaterMainCZ02Oct,WaterMainCZ02Oct,WaterMainCZ02Oct,WaterMainCZ02Oct,WaterMainCZ02Oct
WaterMainCZ02NovWk,WaterMainCZ02Nov,WaterMainCZ02Nov,WaterMainCZ02Nov,WaterMainCZ02Nov,WaterMainCZ02Nov,WaterMainCZ02Nov,WaterMainCZ02Nov,WaterMainCZ02Nov,WaterMainCZ02Nov,WaterMainCZ02Nov
WaterMainCZ02DecWk,WaterMainCZ02Dec,WaterMainCZ02Dec,WaterMainCZ02Dec,WaterMainCZ02Dec,WaterMainCZ02Dec,WaterMainCZ02Dec,WaterMainCZ02Dec,WaterMainCZ02Dec,WaterMainCZ02Dec,WaterMainCZ02Dec
WaterMainCZ03JanWk,WaterMainCZ03Jan,WaterMainCZ03Jan,WaterMainCZ03Jan,WaterMainCZ03Jan,WaterMainCZ03Jan,WaterMainCZ03Jan,WaterMainCZ03Jan,WaterMainCZ03Jan,WaterMainCZ03Jan,WaterMainCZ03Jan
WaterMainCZ03FebWk,WaterMainCZ03Feb,WaterMainCZ03Feb,WaterMainCZ03Feb,WaterMainCZ03Feb,WaterMainCZ03Feb,WaterMainCZ03Feb,WaterMainCZ03Feb,WaterMainCZ03Feb,WaterMainCZ03Feb,WaterMainCZ03Feb
WaterMainCZ03MarWk,WaterMainCZ03Mar,WaterMainCZ03Mar,WaterMainCZ03Mar,WaterMainCZ03Mar,WaterMainCZ03Mar,WaterMainCZ03Mar,WaterMainCZ03Mar,WaterMainCZ03Mar,WaterMainCZ03Mar,WaterMainCZ03Mar
WaterMainCZ03AprWk,WaterMainCZ03Apr,WaterMainCZ03Apr,WaterMainCZ03Apr,WaterMainCZ03Apr,WaterMainCZ03Apr,WaterMainCZ03Apr,WaterMainCZ03Apr,WaterMainCZ03Apr,WaterMainCZ03Apr,WaterMainCZ03Apr
WaterMainCZ03MayWk,WaterMainCZ03May,WaterMainCZ03May,WaterMainCZ03May,WaterMainCZ03May,WaterMainCZ03May,WaterMainCZ03May,WaterMainCZ03May,WaterMainCZ03May,WaterMainCZ03May,WaterMainCZ03May
WaterMainCZ03JunWk,WaterMainCZ03Jun,WaterMainCZ03Jun,WaterMainCZ03Jun,WaterMainCZ03Jun,WaterMainCZ03Jun,WaterMainCZ03Jun,WaterMainCZ03Jun,WaterMainCZ03Jun,WaterMainCZ03Jun,WaterMainCZ03Jun
WaterMainCZ03JulWk,WaterMainCZ03Jul,WaterMainCZ03Jul,WaterMainCZ03Jul,WaterMainCZ03Jul,WaterMainCZ03Jul,WaterMainCZ03Jul,WaterMainCZ03Jul,WaterMainCZ03Jul,WaterMainCZ03Jul,WaterMainCZ03Jul
WaterMainCZ03AugWk,WaterMainCZ03Aug,WaterMainCZ03Aug,WaterMainCZ03Aug,WaterMainCZ03Aug,WaterMainCZ03Aug,WaterMainCZ03Aug,WaterMainCZ03Aug,WaterMainCZ03Aug,WaterMainCZ03Aug,WaterMainCZ03Aug
WaterMainCZ03SepWk,WaterMainCZ03Sep,WaterMainCZ03Sep,WaterMainCZ03Sep,WaterMainCZ03Sep,WaterMainCZ03Sep,WaterMainCZ03Sep,WaterMainCZ03Sep,WaterMainCZ03Sep,WaterMainCZ03Sep,WaterMainCZ03Sep
WaterMainCZ03OctWk,WaterMainCZ03Oct,WaterMainCZ03Oct,WaterMainCZ03Oct,WaterMainCZ03Oct,WaterMainCZ03Oct,WaterMainCZ03Oct,WaterMainCZ03Oct,WaterMainCZ03Oct,WaterMainCZ03Oct,WaterMainCZ03Oct
WaterMainCZ03NovWk,WaterMainCZ03Nov,WaterMainCZ03Nov,WaterMainCZ03Nov,WaterMainCZ03Nov,WaterMainCZ03Nov,WaterMainCZ03Nov,WaterMainCZ03Nov,WaterMainCZ03Nov,WaterMainCZ03Nov,WaterMainCZ03Nov
WaterMainCZ03DecWk,WaterMainCZ03Dec,WaterMainCZ03Dec,WaterMainCZ03Dec,WaterMainCZ03Dec,WaterMainCZ03Dec,WaterMainCZ03Dec,WaterMainCZ03Dec,WaterMainCZ03Dec,WaterMainCZ03Dec,WaterMainCZ03Dec
WaterMainCZ04JanWk,WaterMainCZ04Jan,WaterMainCZ04Jan,WaterMainCZ04Jan,WaterMainCZ04Jan,WaterMainCZ04Jan,WaterMainCZ04Jan,WaterMainCZ04Jan,WaterMainCZ04Jan,WaterMainCZ04Jan,WaterMainCZ04Jan
WaterMainCZ04FebWk,WaterMainCZ04Feb,WaterMainCZ04Feb,WaterMainCZ04Feb,WaterMainCZ04Feb,WaterMainCZ04Feb,WaterMainCZ04Feb,WaterMainCZ04Feb,WaterMainCZ04Feb,WaterMainCZ04Feb,WaterMainCZ04Feb
WaterMainCZ04MarWk,WaterMainCZ04Mar,WaterMainCZ04Mar,WaterMainCZ04Mar,WaterMainCZ04Mar,WaterMainCZ04Mar,WaterMainCZ04Mar,WaterMainCZ04Mar,WaterMainCZ04Mar,WaterMainCZ04Mar,WaterMainCZ04Mar
WaterMainCZ04AprWk,WaterMainCZ04Apr,WaterMainCZ04Apr,WaterMainCZ04Apr,WaterMainCZ04Apr,WaterMainCZ04Apr,WaterMainCZ04Apr,WaterMainCZ04Apr,WaterMainCZ04Apr,WaterMainCZ04Apr,WaterMainCZ04Apr
WaterMainCZ04MayWk,WaterMainCZ04May,WaterMainCZ04May,WaterMainCZ04May,WaterMainCZ04May,WaterMainCZ04May,WaterMainCZ04May,WaterMainCZ04May,WaterMainCZ04May,WaterMainCZ04May,WaterMainCZ04May
WaterMainCZ04JunWk,WaterMainCZ04Jun,WaterMainCZ04Jun,WaterMainCZ04Jun,WaterMainCZ04Jun,WaterMainCZ04Jun,WaterMainCZ04Jun,WaterMainCZ04Jun,WaterMainCZ04Jun,WaterMainCZ04Jun,WaterMainCZ04Jun
WaterMainCZ04JulWk,WaterMainCZ04Jul,WaterMainCZ04Jul,WaterMainCZ04Jul,WaterMainCZ04Jul,WaterMainCZ04Jul,WaterMainCZ04Jul,WaterMainCZ04Jul,WaterMainCZ04Jul,WaterMainCZ04Jul,WaterMainCZ04Jul
WaterMainCZ04AugWk,WaterMainCZ04Aug,WaterMainCZ04Aug,WaterMainCZ04Aug,WaterMainCZ04Aug,WaterMainCZ04Aug,WaterMainCZ04Aug,WaterMainCZ04Aug,WaterMainCZ04Aug,WaterMainCZ04Aug,WaterMainCZ04Aug
WaterMainCZ04SepWk,WaterMainCZ04Sep,WaterMainCZ04Sep,WaterMainCZ04Sep,WaterMainCZ04Sep,WaterMainCZ04Sep,WaterMainCZ04Sep,WaterMainCZ04Sep,WaterMainCZ04Sep,WaterMainCZ04Sep,WaterMainCZ04Sep
WaterMainCZ04OctWk,WaterMainCZ04Oct,WaterMainCZ04Oct,WaterMainCZ04Oct,WaterMainCZ04Oct,WaterMainCZ04Oct,WaterMainCZ04Oct,WaterMainCZ04Oct,WaterMainCZ04Oct,WaterMainCZ04Oct,WaterMainCZ04Oct
WaterMainCZ04NovWk,WaterMainCZ04Nov,WaterMainCZ04Nov,WaterMainCZ04Nov,WaterMainCZ04Nov,WaterMainCZ04Nov,WaterMainCZ04Nov,WaterMainCZ04Nov,WaterMainCZ04Nov,WaterMainCZ04Nov,WaterMainCZ04Nov
WaterMainCZ04DecWk,WaterMainCZ04Dec,WaterMainCZ04Dec,WaterMainCZ04Dec,WaterMainCZ04Dec,WaterMainCZ04Dec,WaterMainCZ04Dec,WaterMainCZ04Dec,WaterMainCZ04Dec,WaterMainCZ04Dec,WaterMainCZ04Dec
WaterMainCZ05JanWk,WaterMainCZ05Jan,WaterMainCZ05Jan,WaterMainCZ05Jan,WaterMainCZ05Jan,WaterMainCZ05Jan,WaterMainCZ05Jan,WaterMainCZ05Jan,WaterMainCZ05Jan,WaterMainCZ05Jan,WaterMainCZ05Jan
WaterMainCZ05FebWk,WaterMainCZ05Feb,WaterMainCZ05Feb,WaterMainCZ05Feb,WaterMainCZ05Feb,WaterMainCZ05Feb,WaterMainCZ05Feb,WaterMainCZ05Feb,WaterMainCZ05Feb,WaterMainCZ05Feb,WaterMainCZ05Feb
WaterMainCZ05MarWk,WaterMainCZ05Mar,WaterMainCZ05Mar,WaterMainCZ05Mar,WaterMainCZ05Mar,WaterMainCZ05Mar,WaterMainCZ05Mar,WaterMainCZ05Mar,WaterMainCZ05Mar,WaterMainCZ05Mar,WaterMainCZ05Mar
WaterMainCZ05AprWk,WaterMainCZ05Apr,WaterMainCZ05Apr,WaterMainCZ05Apr,WaterMainCZ05Apr,WaterMainCZ05Apr,WaterMainCZ05Apr,WaterMainCZ05Apr,WaterMainCZ05Apr,WaterMainCZ05Apr,WaterMainCZ05Apr
WaterMainCZ05MayWk,WaterMainCZ05May,WaterMainCZ05May,WaterMainCZ05May,WaterMainCZ05May,WaterMainCZ05May,WaterMainCZ05May,WaterMainCZ05May,WaterMainCZ05May,WaterMainCZ05May,WaterMainCZ05May
WaterMainCZ05JunWk,WaterMainCZ05Jun,WaterMainCZ05Jun,WaterMainCZ05Jun,WaterMainCZ05Jun,WaterMainCZ05Jun,WaterMainCZ05Jun,WaterMainCZ05Jun,WaterMainCZ05Jun,WaterMainCZ05Jun,WaterMainCZ05Jun
WaterMainCZ05JulWk,WaterMainCZ05Jul,WaterMainCZ05Jul,WaterMainCZ05Jul,WaterMainCZ05Jul,WaterMainCZ05Jul,WaterMainCZ05Jul,WaterMainCZ05Jul,WaterMainCZ05Jul,WaterMainCZ05Jul,WaterMainCZ05Jul
WaterMainCZ05AugWk,WaterMainCZ05Aug,WaterMainCZ05Aug,WaterMainCZ05Aug,WaterMainCZ05Aug,WaterMainCZ05Aug,WaterMainCZ05Aug,WaterMainCZ05Aug,WaterMainCZ05Aug,WaterMainCZ05Aug,WaterMainCZ05Aug
WaterMainCZ05SepWk,WaterMainCZ05Sep,WaterMainCZ05Sep,WaterMainCZ05Sep,WaterMainCZ05Sep,WaterMainCZ05Sep,WaterMainCZ05Sep,WaterMainCZ05Sep,WaterMainCZ05Sep,WaterMainCZ05Sep,WaterMainCZ05Sep
WaterMainCZ05OctWk,WaterMainCZ05Oct,WaterMainCZ05Oct,WaterMainCZ05Oct,WaterMainCZ05Oct,WaterMainCZ05Oct,WaterMainCZ05Oct,WaterMainCZ05Oct,WaterMainCZ05Oct,WaterMainCZ05Oct,WaterMainCZ05Oct
WaterMainCZ05NovWk,WaterMainCZ05Nov,WaterMainCZ05Nov,WaterMainCZ05Nov,WaterMainCZ05Nov,WaterMainCZ05Nov,WaterMainCZ05Nov,WaterMainCZ05Nov,WaterMainCZ05Nov,WaterMainCZ05Nov,WaterMainCZ05Nov
WaterMainCZ05DecWk,WaterMainCZ05Dec,WaterMainCZ05Dec,WaterMainCZ05Dec,WaterMainCZ05Dec,WaterMainCZ05Dec,WaterMainCZ05Dec,WaterMainCZ05Dec,WaterMainCZ05Dec,WaterMainCZ05Dec,WaterMainCZ05Dec
WaterMainCZ06JanWk,WaterMainCZ06Jan,WaterMainCZ06Jan,WaterMainCZ06Jan,WaterMainCZ06Jan,WaterMainCZ06Jan,WaterMainCZ06Jan,WaterMainCZ06Jan,WaterMainCZ06Jan,WaterMainCZ06Jan,WaterMainCZ06Jan
WaterMainCZ06FebWk,WaterMainCZ06Feb,WaterMainCZ06Feb,WaterMainCZ06Feb,WaterMainCZ06Feb,WaterMainCZ06Feb,WaterMainCZ06Feb,WaterMainCZ06Feb,WaterMainCZ06Feb,WaterMainCZ06Feb,WaterMainCZ06Feb
WaterMainCZ06MarWk,WaterMainCZ06Mar,WaterMainCZ06Mar,WaterMainCZ06Mar,WaterMainCZ06Mar,WaterMainCZ06Mar,WaterMainCZ06Mar,WaterMainCZ06Mar,WaterMainCZ06Mar,WaterMainCZ06Mar,WaterMainCZ06Mar
WaterMainCZ06AprWk,WaterMainCZ06Apr,WaterMainCZ06Apr,WaterMainCZ06Apr,WaterMainCZ06Apr,WaterMainCZ06Apr,WaterMainCZ06Apr,WaterMainCZ06Apr,WaterMainCZ06Apr,WaterMainCZ06Apr,WaterMainCZ06Apr
WaterMainCZ06MayWk,WaterMainCZ06May,WaterMainCZ06May,WaterMainCZ06May,WaterMainCZ06May,WaterMainCZ06May,WaterMainCZ06May,WaterMainCZ06May,WaterMainCZ06May,WaterMainCZ06May,WaterMainCZ06May
WaterMainCZ06JunWk,WaterMainCZ06Jun,WaterMainCZ06Jun,WaterMainCZ06Jun,WaterMainCZ06Jun,WaterMainCZ06Jun,WaterMainCZ06Jun,WaterMainCZ06Jun,WaterMainCZ06Jun,WaterMainCZ06Jun,WaterMainCZ06Jun
WaterMainCZ06JulWk,WaterMainCZ06Jul,WaterMainCZ06Jul,WaterMainCZ06Jul,WaterMainCZ06Jul,WaterMainCZ06Jul,WaterMainCZ06Jul,WaterMainCZ06Jul,WaterMainCZ06Jul,WaterMainCZ06Jul,WaterMainCZ06Jul
WaterMainCZ06AugWk,WaterMainCZ06Aug,WaterMainCZ06Aug,WaterMainCZ06Aug,WaterMainCZ06Aug,WaterMainCZ06Aug,WaterMainCZ06Aug,WaterMainCZ06Aug,WaterMainCZ06Aug,WaterMainCZ06Aug,WaterMainCZ06Aug
WaterMainCZ06SepWk,WaterMainCZ06Sep,WaterMainCZ06Sep,WaterMainCZ06Sep,WaterMainCZ06Sep,WaterMainCZ06Sep,WaterMainCZ06Sep,WaterMainCZ06Sep,WaterMainCZ06Sep,WaterMainCZ06Sep,WaterMainCZ06Sep
WaterMainCZ06OctWk,WaterMainCZ06Oct,WaterMainCZ06Oct,WaterMainCZ06Oct,WaterMainCZ06Oct,WaterMainCZ06Oct,WaterMainCZ06Oct,WaterMainCZ06Oct,WaterMainCZ06Oct,WaterMainCZ06Oct,WaterMainCZ06Oct
WaterMainCZ06NovWk,WaterMainCZ06Nov,WaterMainCZ06Nov,WaterMainCZ06Nov,WaterMainCZ06Nov,WaterMainCZ06Nov,WaterMainCZ06Nov,WaterMainCZ06Nov,WaterMainCZ06Nov,WaterMainCZ06Nov,WaterMainCZ06Nov
WaterMainCZ06DecWk,WaterMainCZ06Dec,WaterMainCZ06Dec,WaterMainCZ06Dec,WaterMainCZ06Dec,WaterMainCZ06Dec,WaterMainCZ06Dec,WaterMainCZ06Dec,WaterMainCZ06Dec,WaterMainCZ06Dec,WaterMainCZ06Dec
WaterMainCZ07JanWk,WaterMainCZ07Jan,WaterMainCZ07Jan,WaterMainCZ07Jan,WaterMainCZ07Jan,WaterMainCZ07Jan,WaterMainCZ07Jan,WaterMainCZ07Jan,WaterMainCZ07Jan,WaterMainCZ07Jan,WaterMainCZ07Jan
WaterMainCZ07FebWk,WaterMainCZ07Feb,WaterMainCZ07Feb,WaterMainCZ07Feb,WaterMainCZ07Feb,WaterMainCZ07Feb,WaterMainCZ07Feb,WaterMainCZ07Feb,WaterMainCZ07Feb,WaterMainCZ07Feb,WaterMainCZ07Feb
WaterMainCZ07MarWk,WaterMainCZ07Mar,WaterMainCZ07Mar,WaterMainCZ07Mar,WaterMainCZ07Mar,WaterMainCZ07Mar,WaterMainCZ07Mar,WaterMainCZ07Mar,WaterMainCZ07Mar,WaterMainCZ07Mar,WaterMainCZ07Mar
WaterMainCZ07AprWk,WaterMainCZ07Apr,WaterMainCZ07Apr,WaterMainCZ07Apr,WaterMainCZ07Apr,WaterMainCZ07Apr,WaterMainCZ07Apr,WaterMainCZ07Apr,WaterMainCZ07Apr,WaterMainCZ07Apr,WaterMainCZ07Apr
WaterMainCZ07MayWk,WaterMainCZ07May,WaterMainCZ07May,WaterMainCZ07May,WaterMainCZ07May,WaterMainCZ07May,WaterMainCZ07May,WaterMainCZ07May,WaterMainCZ07May,WaterMainCZ07May,WaterMainCZ07May
WaterMainCZ07JunWk,WaterMainCZ07Jun,WaterMainCZ07Jun,WaterMainCZ07Jun,WaterMainCZ07Jun,WaterMainCZ07Jun,WaterMainCZ07Jun,WaterMainCZ07Jun,WaterMainCZ07Jun,WaterMainCZ07Jun,WaterMainCZ07Jun
WaterMainCZ07JulWk,WaterMainCZ07Jul,WaterMainCZ07Jul,WaterMainCZ07Jul,WaterMainCZ07Jul,WaterMainCZ07Jul,WaterMainCZ07Jul,WaterMainCZ07Jul,WaterMainCZ07Jul,WaterMainCZ07Jul,WaterMainCZ07Jul
WaterMainCZ07AugWk,WaterMainCZ07Aug,WaterMainCZ07Aug,WaterMainCZ07Aug,WaterMainCZ07Aug,WaterMainCZ07Aug,WaterMainCZ07Aug,WaterMainCZ07Aug,WaterMainCZ07Aug,WaterMainCZ07Aug,WaterMainCZ07Aug
WaterMainCZ07SepWk,WaterMainCZ07Sep,WaterMainCZ07Sep,WaterMainCZ07Sep,WaterMainCZ07Sep,WaterMainCZ07Sep,WaterMainCZ07Sep,WaterMainCZ07Sep,WaterMainCZ07Sep,WaterMainCZ07Sep,WaterMainCZ07Sep
WaterMainCZ07OctWk,WaterMainCZ07Oct,WaterMainCZ07Oct,WaterMainCZ07Oct,WaterMainCZ07Oct,WaterMainCZ07Oct,WaterMainCZ07Oct,WaterMainCZ07Oct,WaterMainCZ07Oct,WaterMainCZ07Oct,WaterMainCZ07Oct
WaterMainCZ07NovWk,WaterMainCZ07Nov,WaterMainCZ07Nov,WaterMainCZ07Nov,WaterMainCZ07Nov,WaterMainCZ07Nov,WaterMainCZ07Nov,WaterMainCZ07Nov,WaterMainCZ07Nov,WaterMainCZ07Nov,WaterMainCZ07Nov
WaterMainCZ07DecWk,WaterMainCZ07Dec,WaterMainCZ07Dec,WaterMainCZ07Dec,WaterMainCZ07Dec,WaterMainCZ07Dec,WaterMainCZ07Dec,WaterMainCZ07Dec,WaterMainCZ07Dec,WaterMainCZ07Dec,WaterMainCZ07Dec
WaterMainCZ08JanWk,WaterMainCZ08Jan,WaterMainCZ08Jan,WaterMainCZ08Jan,WaterMainCZ08Jan,WaterMainCZ08Jan,WaterMainCZ08Jan,WaterMainCZ08Jan,WaterMainCZ08Jan,WaterMainCZ08Jan,WaterMainCZ08Jan
WaterMainCZ08FebWk,WaterMainCZ08Feb,WaterMainCZ08Feb,WaterMainCZ08Feb,WaterMainCZ08Feb,WaterMainCZ08Feb,WaterMainCZ08Feb,WaterMainCZ08Feb,WaterMainCZ08Feb,WaterMainCZ08Feb,WaterMainCZ08Feb
WaterMainCZ08MarWk,WaterMainCZ08Mar,WaterMainCZ08Mar,WaterMainCZ08Mar,WaterMainCZ08Mar,WaterMainCZ08Mar,WaterMainCZ08Mar,WaterMainCZ08Mar,WaterMainCZ08Mar,WaterMainCZ08Mar,WaterMainCZ08Mar
WaterMainCZ08AprWk,WaterMainCZ08Apr,WaterMainCZ08Apr,WaterMainCZ08Apr,WaterMainCZ08Apr,WaterMainCZ08Apr,WaterMainCZ08Apr,WaterMainCZ08Apr,WaterMainCZ08Apr,WaterMainCZ08Apr,WaterMainCZ08Apr
WaterMainCZ08MayWk,WaterMainCZ08May,WaterMainCZ08May,WaterMainCZ08May,WaterMainCZ08May,WaterMainCZ08May,WaterMainCZ08May,WaterMainCZ08May,WaterMainCZ08May,WaterMainCZ08May,WaterMainCZ08May
WaterMainCZ08JunWk,WaterMainCZ08Jun,WaterMainCZ08Jun,WaterMainCZ08Jun,WaterMainCZ08Jun,WaterMainCZ08Jun,WaterMainCZ08Jun,WaterMainCZ08Jun,WaterMainCZ08Jun,WaterMainCZ08Jun,WaterMainCZ08Jun
WaterMainCZ08JulWk,WaterMainCZ08Jul,WaterMainCZ08Jul,WaterMainCZ08Jul,WaterMainCZ08Jul,WaterMainCZ08Jul,WaterMainCZ08Jul,WaterMainCZ08Jul,WaterMainCZ08Jul,WaterMainCZ08Jul,WaterMainCZ08Jul
WaterMainCZ08AugWk,WaterMainCZ08Aug,WaterMainCZ08Aug,WaterMainCZ08Aug,WaterMainCZ08Aug,WaterMainCZ08Aug,WaterMainCZ08Aug,WaterMainCZ08Aug,WaterMainCZ08Aug,WaterMainCZ08Aug,WaterMainCZ08Aug
WaterMainCZ08SepWk,WaterMainCZ08Sep,WaterMainCZ08Sep,WaterMainCZ08Sep,WaterMainCZ08Sep,WaterMainCZ08Sep,WaterMainCZ08Sep,WaterMainCZ08Sep,WaterMainCZ08Sep,WaterMainCZ08Sep,WaterMainCZ08Sep
WaterMainCZ08OctWk,WaterMainCZ08Oct,WaterMainCZ08Oct,WaterMainCZ08Oct,WaterMainCZ08Oct,WaterMainCZ08Oct,WaterMainCZ08Oct,WaterMainCZ08Oct,WaterMainCZ08Oct,WaterMainCZ08Oct,WaterMainCZ08Oct
WaterMainCZ08NovWk,WaterMainCZ08Nov,WaterMainCZ08Nov,WaterMainCZ08Nov,WaterMainCZ08Nov,WaterMainCZ08Nov,WaterMainCZ08Nov,WaterMainCZ08Nov,WaterMainCZ08Nov,WaterMainCZ08Nov,WaterMainCZ08Nov
WaterMainCZ08DecWk,WaterMainCZ08Dec,WaterMainCZ08Dec,WaterMainCZ08Dec,WaterMainCZ08Dec,WaterMainCZ08Dec,WaterMainCZ08Dec,WaterMainCZ08Dec,WaterMainCZ08Dec,WaterMainCZ08Dec,WaterMainCZ08Dec
WaterMainCZ09JanWk,WaterMainCZ09Jan,WaterMainCZ09Jan,WaterMainCZ09Jan,WaterMainCZ09Jan,WaterMainCZ09Jan,WaterMainCZ09Jan,WaterMainCZ09Jan,WaterMainCZ09Jan,WaterMainCZ09Jan,WaterMainCZ09Jan
WaterMainCZ09FebWk,WaterMainCZ09Feb,WaterMainCZ09Feb,WaterMainCZ09Feb,WaterMainCZ09Feb,WaterMainCZ09Feb,WaterMainCZ09Feb,WaterMainCZ09Feb,WaterMainCZ09Feb,WaterMainCZ09Feb,WaterMainCZ09Feb
WaterMainCZ09MarWk,WaterMainCZ09Mar,WaterMainCZ09Mar,WaterMainCZ09Mar,WaterMainCZ09Mar,WaterMainCZ09Mar,WaterMainCZ09Mar,WaterMainCZ09Mar,WaterMainCZ09Mar,WaterMainCZ09Mar,WaterMainCZ09Mar
WaterMainCZ09AprWk,WaterMainCZ09Apr,WaterMainCZ09Apr,WaterMainCZ09Apr,WaterMainCZ09Apr,WaterMainCZ09Apr,WaterMainCZ09Apr,WaterMainCZ09Apr,WaterMainCZ09Apr,WaterMainCZ09Apr,WaterMainCZ09Apr
WaterMainCZ09MayWk,WaterMainCZ09May,WaterMainCZ09May,WaterMainCZ09May,WaterMainCZ09May,WaterMainCZ09May,WaterMainCZ09May,WaterMainCZ09May,WaterMainCZ09May,WaterMainCZ09May,WaterMainCZ09May
WaterMainCZ09JunWk,WaterMainCZ09Jun,WaterMainCZ09Jun,WaterMainCZ09Jun,WaterMainCZ09Jun,WaterMainCZ09Jun,WaterMainCZ09Jun,WaterMainCZ09Jun,WaterMainCZ09Jun,WaterMainCZ09Jun,WaterMainCZ09Jun
WaterMainCZ09JulWk,WaterMainCZ09Jul,WaterMainCZ09Jul,WaterMainCZ09Jul,WaterMainCZ09Jul,WaterMainCZ09Jul,WaterMainCZ09Jul,WaterMainCZ09Jul,WaterMainCZ09Jul,WaterMainCZ09Jul,WaterMainCZ09Jul
WaterMainCZ09AugWk,WaterMainCZ09Aug,WaterMainCZ09Aug,WaterMainCZ09Aug,WaterMainCZ09Aug,WaterMainCZ09Aug,WaterMainCZ09Aug,WaterMainCZ09Aug,WaterMainCZ09Aug,WaterMainCZ09Aug,WaterMainCZ09Aug
WaterMainCZ09SepWk,WaterMainCZ09Sep,WaterMainCZ09Sep,WaterMainCZ09Sep,WaterMainCZ09Sep,WaterMainCZ09Sep,WaterMainCZ09Sep,WaterMainCZ09Sep,WaterMainCZ09Sep,WaterMainCZ09Sep,WaterMainCZ09Sep
WaterMainCZ09OctWk,WaterMainCZ09Oct,WaterMainCZ09Oct,WaterMainCZ09Oct,WaterMainCZ09Oct,WaterMainCZ09Oct,WaterMainCZ09Oct,WaterMainCZ09Oct,WaterMainCZ09Oct,WaterMainCZ09Oct,WaterMainCZ09Oct
WaterMainCZ09NovWk,WaterMainCZ09Nov,WaterMainCZ09Nov,WaterMainCZ09Nov,WaterMainCZ09Nov,WaterMainCZ09Nov,WaterMainCZ09Nov,WaterMainCZ09Nov,WaterMainCZ09Nov,WaterMainCZ09Nov,WaterMainCZ09Nov
WaterMainCZ09DecWk,WaterMainCZ09Dec,WaterMainCZ09Dec,WaterMainCZ09Dec,WaterMainCZ09Dec,WaterMainCZ09Dec,WaterMainCZ09Dec,WaterMainCZ09Dec,WaterMainCZ09Dec,WaterMainCZ09Dec,WaterMainCZ09Dec
WaterMainCZ10JanWk,WaterMainCZ10Jan,WaterMainCZ10Jan,WaterMainCZ10Jan,WaterMainCZ10Jan,WaterMainCZ10Jan,WaterMainCZ10Jan,WaterMainCZ10Jan,WaterMainCZ10Jan,WaterMainCZ10Jan,WaterMainCZ10Jan
WaterMainCZ10FebWk,WaterMainCZ10Feb,WaterMainCZ10Feb,WaterMainCZ10Feb,WaterMainCZ10Feb,WaterMainCZ10Feb,WaterMainCZ10Feb,WaterMainCZ10Feb,WaterMainCZ10Feb,WaterMainCZ10Feb,WaterMainCZ10Feb
WaterMainCZ10MarWk,WaterMainCZ10Mar,WaterMainCZ10Mar,WaterMainCZ10Mar,WaterMainCZ10Mar,WaterMainCZ10Mar,WaterMainCZ10Mar,WaterMainCZ10Mar,WaterMainCZ10Mar,WaterMainCZ10Mar,WaterMainCZ10Mar
WaterMainCZ10AprWk,WaterMainCZ10Apr,WaterMainCZ10Apr,WaterMainCZ10Apr,WaterMainCZ10Apr,WaterMainCZ10Apr,WaterMainCZ10Apr,WaterMainCZ10Apr,WaterMainCZ10Apr,WaterMainCZ10Apr,WaterMainCZ10Apr
WaterMainCZ10MayWk,WaterMainCZ10May,WaterMainCZ10May,WaterMainCZ10May,WaterMainCZ10May,WaterMainCZ10May,WaterMainCZ10May,WaterMainCZ10May,WaterMainCZ10May,WaterMainCZ10May,WaterMainCZ10May
WaterMainCZ10JunWk,WaterMainCZ10Jun,WaterMainCZ10Jun,WaterMainCZ10Jun,WaterMainCZ10Jun,WaterMainCZ10Jun,WaterMainCZ10Jun,WaterMainCZ10Jun,WaterMainCZ10Jun,WaterMainCZ10Jun,WaterMainCZ10Jun
WaterMainCZ10JulWk,WaterMainCZ10Jul,WaterMainCZ10Jul,WaterMainCZ10Jul,WaterMainCZ10Jul,WaterMainCZ10Jul,WaterMainCZ10Jul,WaterMainCZ10Jul,WaterMainCZ10Jul,WaterMainCZ10Jul,WaterMainCZ10Jul
WaterMainCZ10AugWk,WaterMainCZ10Aug,WaterMainCZ10Aug,WaterMainCZ10Aug,WaterMainCZ10Aug,WaterMainCZ10Aug,WaterMainCZ10Aug,WaterMainCZ10Aug,WaterMainCZ10Aug,WaterMainCZ10Aug,WaterMainCZ10Aug
WaterMainCZ10SepWk,WaterMainCZ10Sep,WaterMainCZ10Sep,WaterMainCZ10Sep,WaterMainCZ10Sep,WaterMainCZ10Sep,WaterMainCZ10Sep,WaterMainCZ10Sep,WaterMainCZ10Sep,WaterMainCZ10Sep,WaterMainCZ10Sep
WaterMainCZ10OctWk,WaterMainCZ10Oct,WaterMainCZ10Oct,WaterMainCZ10Oct,WaterMainCZ10Oct,WaterMainCZ10Oct,WaterMainCZ10Oct,WaterMainCZ10Oct,WaterMainCZ10Oct,WaterMainCZ10Oct,WaterMainCZ10Oct
WaterMainCZ10NovWk,WaterMainCZ10Nov,WaterMainCZ10Nov,WaterMainCZ10Nov,WaterMainCZ10Nov,WaterMainCZ10Nov,WaterMainCZ10Nov,WaterMainCZ10Nov,WaterMainCZ10Nov,WaterMainCZ10Nov,WaterMainCZ10Nov
WaterMainCZ10DecWk,WaterMainCZ10Dec,WaterMainCZ10Dec,WaterMainCZ10Dec,WaterMainCZ10Dec,WaterMainCZ10Dec,WaterMainCZ10Dec,WaterMainCZ10Dec,WaterMainCZ10Dec,WaterMainCZ10Dec,WaterMainCZ10Dec
WaterMainCZ11JanWk,WaterMainCZ11Jan,WaterMainCZ11Jan,WaterMainCZ11Jan,WaterMainCZ11Jan,WaterMainCZ11Jan,WaterMainCZ11Jan,WaterMainCZ11Jan,WaterMainCZ11Jan,WaterMainCZ11Jan,WaterMainCZ11Jan
WaterMainCZ11FebWk,WaterMainCZ11Feb,WaterMainCZ11Feb,WaterMainCZ11Feb,WaterMainCZ11Feb,WaterMainCZ11Feb,WaterMainCZ11Feb,WaterMainCZ11Feb,WaterMainCZ11Feb,WaterMainCZ11Feb,WaterMainCZ11Feb
WaterMainCZ11MarWk,WaterMainCZ11Mar,WaterMainCZ11Mar,WaterMainCZ11Mar,WaterMainCZ11Mar,WaterMainCZ11Mar,WaterMainCZ11Mar,WaterMainCZ11Mar,WaterMainCZ11Mar,WaterMainCZ11Mar,WaterMainCZ11Mar
WaterMainCZ11AprWk,WaterMainCZ11Apr,WaterMainCZ11Apr,WaterMainCZ11Apr,WaterMainCZ11Apr,WaterMainCZ11Apr,WaterMainCZ11Apr,WaterMainCZ11Apr,WaterMainCZ11Apr,WaterMainCZ11Apr,WaterMainCZ11Apr
WaterMainCZ11MayWk,WaterMainCZ11May,WaterMainCZ11May,WaterMainCZ11May,WaterMainCZ11May,WaterMainCZ11May,WaterMainCZ11May,WaterMainCZ11May,WaterMainCZ11May,WaterMainCZ11May,WaterMainCZ11May
WaterMainCZ11JunWk,WaterMainCZ11Jun,WaterMainCZ11Jun,WaterMainCZ11Jun,WaterMainCZ11Jun,WaterMainCZ11Jun,WaterMainCZ11Jun,WaterMainCZ11Jun,WaterMainCZ11Jun,WaterMainCZ11Jun,WaterMainCZ11Jun
WaterMainCZ11JulWk,WaterMainCZ11Jul,WaterMainCZ11Jul,WaterMainCZ11Jul,WaterMainCZ11Jul,WaterMainCZ11Jul,WaterMainCZ11Jul,WaterMainCZ11Jul,WaterMainCZ11Jul,WaterMainCZ11Jul,WaterMainCZ11Jul
WaterMainCZ11AugWk,WaterMainCZ11Aug,WaterMainCZ11Aug,WaterMainCZ11Aug,WaterMainCZ11Aug,WaterMainCZ11Aug,WaterMainCZ11Aug,WaterMainCZ11Aug,WaterMainCZ11Aug,WaterMainCZ11Aug,WaterMainCZ11Aug
WaterMainCZ11SepWk,WaterMainCZ11Sep,WaterMainCZ11Sep,WaterMainCZ11Sep,WaterMainCZ11Sep,WaterMainCZ11Sep,WaterMainCZ11Sep,WaterMainCZ11Sep,WaterMainCZ11Sep,WaterMainCZ11Sep,WaterMainCZ11Sep
WaterMainCZ11OctWk,WaterMainCZ11Oct,WaterMainCZ11Oct,WaterMainCZ11Oct,WaterMainCZ11Oct,WaterMainCZ11Oct,WaterMainCZ11Oct,WaterMainCZ11Oct,WaterMainCZ11Oct,WaterMainCZ11Oct,WaterMainCZ11Oct
WaterMainCZ11NovWk,WaterMainCZ11Nov,WaterMainCZ11Nov,WaterMainCZ11Nov,WaterMainCZ11Nov,WaterMainCZ11Nov,WaterMainCZ11Nov,WaterMainCZ11Nov,WaterMainCZ11Nov,WaterMainCZ11Nov,WaterMainCZ11Nov
WaterMainCZ11DecWk,WaterMainCZ11Dec,WaterMainCZ11Dec,WaterMainCZ11Dec,WaterMainCZ11Dec,WaterMainCZ11Dec,WaterMainCZ11Dec,WaterMainCZ11Dec,WaterMainCZ11Dec,WaterMainCZ11Dec,WaterMainCZ11Dec
WaterMainCZ12JanWk,WaterMainCZ12Jan,WaterMainCZ12Jan,WaterMainCZ12Jan,WaterMainCZ12Jan,WaterMainCZ12Jan,WaterMainCZ12Jan,WaterMainCZ12Jan,WaterMainCZ12Jan,WaterMainCZ12Jan,WaterMainCZ12Jan
WaterMainCZ12FebWk,WaterMainCZ12Feb,WaterMainCZ12Feb,WaterMainCZ12Feb,WaterMainCZ12Feb,WaterMainCZ12Feb,WaterMainCZ12Feb,WaterMainCZ12Feb,WaterMainCZ12Feb,WaterMainCZ12Feb,WaterMainCZ12Feb
WaterMainCZ12MarWk,WaterMainCZ12Mar,WaterMainCZ12Mar,WaterMainCZ12Mar,WaterMainCZ12Mar,WaterMainCZ12Mar,WaterMainCZ12Mar,WaterMainCZ12Mar,WaterMainCZ12Mar,WaterMainCZ12Mar,WaterMainCZ12Mar
WaterMainCZ12AprWk,WaterMainCZ12Apr,WaterMainCZ12Apr,WaterMainCZ12Apr,WaterMainCZ12Apr,WaterMainCZ12Apr,WaterMainCZ12Apr,WaterMainCZ12Apr,WaterMainCZ12Apr,WaterMainCZ12Apr,WaterMainCZ12Apr
WaterMainCZ12MayWk,WaterMainCZ12May,WaterMainCZ12May,WaterMainCZ12May,WaterMainCZ12May,WaterMainCZ12May,WaterMainCZ12May,WaterMainCZ12May,WaterMainCZ12May,WaterMainCZ12May,WaterMainCZ12May
WaterMainCZ12JunWk,WaterMainCZ12Jun,WaterMainCZ12Jun,WaterMainCZ12Jun,WaterMainCZ12Jun,WaterMainCZ12Jun,WaterMainCZ12Jun,WaterMainCZ12Jun,WaterMainCZ12Jun,WaterMainCZ12Jun,WaterMainCZ12Jun
WaterMainCZ12JulWk,WaterMainCZ12Jul,WaterMainCZ12Jul,WaterMainCZ12Jul,WaterMainCZ12Jul,WaterMainCZ12Jul,WaterMainCZ12Jul,WaterMainCZ12Jul,WaterMainCZ12Jul,WaterMainCZ12Jul,WaterMainCZ12Jul
WaterMainCZ12AugWk,WaterMainCZ12Aug,WaterMainCZ12Aug,WaterMainCZ12Aug,WaterMainCZ12Aug,WaterMainCZ12Aug,WaterMainCZ12Aug,WaterMainCZ12Aug,WaterMainCZ12Aug,WaterMainCZ12Aug,WaterMainCZ12Aug
WaterMainCZ12SepWk,WaterMainCZ12Sep,WaterMainCZ12Sep,WaterMainCZ12Sep,WaterMainCZ12Sep,WaterMainCZ12Sep,WaterMainCZ12Sep,WaterMainCZ12Sep,WaterMainCZ12Sep,WaterMainCZ12Sep,WaterMainCZ12Sep
WaterMainCZ12OctWk,WaterMainCZ12Oct,WaterMainCZ12Oct,WaterMainCZ12Oct,WaterMainCZ12Oct,WaterMainCZ12Oct,WaterMainCZ12Oct,WaterMainCZ12Oct,WaterMainCZ12Oct,WaterMainCZ12Oct,WaterMainCZ12Oct
WaterMainCZ12NovWk,WaterMainCZ12Nov,WaterMainCZ12Nov,WaterMainCZ12Nov,WaterMainCZ12Nov,WaterMainCZ12Nov,WaterMainCZ12Nov,WaterMainCZ12Nov,WaterMainCZ12Nov,WaterMainCZ12Nov,WaterMainCZ12Nov
WaterMainCZ12DecWk,WaterMainCZ12Dec,WaterMainCZ12Dec,WaterMainCZ12Dec,WaterMainCZ12Dec,WaterMainCZ12Dec,WaterMainCZ12Dec,WaterMainCZ12Dec,WaterMainCZ12Dec,WaterMainCZ12Dec,WaterMainCZ12Dec
WaterMainCZ13JanWk,WaterMainCZ13Jan,WaterMainCZ13Jan,WaterMainCZ13Jan,WaterMainCZ13Jan,WaterMainCZ13Jan,WaterMainCZ13Jan,WaterMainCZ13Jan,WaterMainCZ13Jan,WaterMainCZ13Jan,WaterMainCZ13Jan
WaterMainCZ13FebWk,WaterMainCZ13Feb,WaterMainCZ13Feb,WaterMainCZ13Feb,WaterMainCZ13Feb,WaterMainCZ13Feb,WaterMainCZ13Feb,WaterMainCZ13Feb,WaterMainCZ13Feb,WaterMainCZ13Feb,WaterMainCZ13Feb
WaterMainCZ13MarWk,WaterMainCZ13Mar,WaterMainCZ13Mar,WaterMainCZ13Mar,WaterMainCZ13Mar,WaterMainCZ13Mar,WaterMainCZ13Mar,WaterMainCZ13Mar,WaterMainCZ13Mar,WaterMainCZ13Mar,WaterMainCZ13Mar
WaterMainCZ13AprWk,WaterMainCZ13Apr,WaterMainCZ13Apr,WaterMainCZ13Apr,WaterMainCZ13Apr,WaterMainCZ13Apr,WaterMainCZ13Apr,WaterMainCZ13Apr,WaterMainCZ13Apr,WaterMainCZ13Apr,WaterMainCZ13Apr
WaterMainCZ13MayWk,WaterMainCZ13May,WaterMainCZ13May,WaterMainCZ13May,WaterMainCZ13May,WaterMainCZ13May,WaterMainCZ13May,WaterMainCZ13May,WaterMainCZ13May,WaterMainCZ13May,WaterMainCZ13May
WaterMainCZ13JunWk,WaterMainCZ13Jun,WaterMainCZ13Jun,WaterMainCZ13Jun,WaterMainCZ13Jun,WaterMainCZ13Jun,WaterMainCZ13Jun,WaterMainCZ13Jun,WaterMainCZ13Jun,WaterMainCZ13Jun,WaterMainCZ13Jun
WaterMainCZ13JulWk,WaterMainCZ13Jul,WaterMainCZ13Jul,WaterMainCZ13Jul,WaterMainCZ13Jul,WaterMainCZ13Jul,WaterMainCZ13Jul,WaterMainCZ13Jul,WaterMainCZ13Jul,WaterMainCZ13Jul,WaterMainCZ13Jul
WaterMainCZ13AugWk,WaterMainCZ13Aug,WaterMainCZ13Aug,WaterMainCZ13Aug,WaterMainCZ13Aug,WaterMainCZ13Aug,WaterMainCZ13Aug,WaterMainCZ13Aug,WaterMainCZ13Aug,WaterMainCZ13Aug,WaterMainCZ13Aug
WaterMainCZ13SepWk,WaterMainCZ13Sep,WaterMainCZ13Sep,WaterMainCZ13Sep,WaterMainCZ13Sep,WaterMainCZ13Sep,WaterMainCZ13Sep,WaterMainCZ13Sep,WaterMainCZ13Sep,WaterMainCZ13Sep,WaterMainCZ13Sep
WaterMainCZ13OctWk,WaterMainCZ13Oct,WaterMainCZ13Oct,WaterMainCZ13Oct,WaterMainCZ13Oct,WaterMainCZ13Oct,WaterMainCZ13Oct,WaterMainCZ13Oct,WaterMainCZ13Oct,WaterMainCZ13Oct,WaterMainCZ13Oct
WaterMainCZ13NovWk,WaterMainCZ13Nov,WaterMainCZ13Nov,WaterMainCZ13Nov,WaterMainCZ13Nov,WaterMainCZ13Nov,WaterMainCZ13Nov,WaterMainCZ13Nov,WaterMainCZ13Nov,WaterMainCZ13Nov,WaterMainCZ13Nov
WaterMainCZ13DecWk,WaterMainCZ13Dec,WaterMainCZ13Dec,WaterMainCZ13Dec,WaterMainCZ13Dec,WaterMainCZ13Dec,WaterMainCZ13Dec,WaterMainCZ13Dec,WaterMainCZ13Dec,WaterMainCZ13Dec,WaterMainCZ13Dec
WaterMainCZ14JanWk,WaterMainCZ14Jan,WaterMainCZ14Jan,WaterMainCZ14Jan,WaterMainCZ14Jan,WaterMainCZ14Jan,WaterMainCZ14Jan,WaterMainCZ14Jan,WaterMainCZ14Jan,WaterMainCZ14Jan,WaterMainCZ14Jan
WaterMainCZ14FebWk,WaterMainCZ14Feb,WaterMainCZ14Feb,WaterMainCZ14Feb,WaterMainCZ14Feb,WaterMainCZ14Feb,WaterMainCZ14Feb,WaterMainCZ14Feb,WaterMainCZ14Feb,WaterMainCZ14Feb,WaterMainCZ14Feb
WaterMainCZ14MarWk,WaterMainCZ14Mar,WaterMainCZ14Mar,WaterMainCZ14Mar,WaterMainCZ14Mar,WaterMainCZ14Mar,WaterMainCZ14Mar,WaterMainCZ14Mar,WaterMainCZ14Mar,WaterMainCZ14Mar,WaterMainCZ14Mar
WaterMainCZ14AprWk,WaterMainCZ14Apr,WaterMainCZ14Apr,WaterMainCZ14Apr,WaterMainCZ14Apr,WaterMainCZ14Apr,WaterMainCZ14Apr,WaterMainCZ14Apr,WaterMainCZ14Apr,WaterMainCZ14Apr,WaterMainCZ14Apr
WaterMainCZ14MayWk,WaterMainCZ14May,WaterMainCZ14May,WaterMainCZ14May,WaterMainCZ14May,WaterMainCZ14May,WaterMainCZ14May,WaterMainCZ14May,WaterMainCZ14May,WaterMainCZ14May,WaterMainCZ14May
WaterMainCZ14JunWk,WaterMainCZ14Jun,WaterMainCZ14Jun,WaterMainCZ14Jun,WaterMainCZ14Jun,WaterMainCZ14Jun,WaterMainCZ14Jun,WaterMainCZ14Jun,WaterMainCZ14Jun,WaterMainCZ14Jun,WaterMainCZ14Jun
WaterMainCZ14JulWk,WaterMainCZ14Jul,WaterMainCZ14Jul,WaterMainCZ14Jul,WaterMainCZ14Jul,WaterMainCZ14Jul,WaterMainCZ14Jul,WaterMainCZ14Jul,WaterMainCZ14Jul,WaterMainCZ14Jul,WaterMainCZ14Jul
WaterMainCZ14AugWk,WaterMainCZ14Aug,WaterMainCZ14Aug,WaterMainCZ14Aug,WaterMainCZ14Aug,WaterMainCZ14Aug,WaterMainCZ14Aug,WaterMainCZ14Aug,WaterMainCZ14Aug,WaterMainCZ14Aug,WaterMainCZ14Aug
WaterMainCZ14SepWk,WaterMainCZ14Sep,WaterMainCZ14Sep,WaterMainCZ14Sep,WaterMainCZ14Sep,WaterMainCZ14Sep,WaterMainCZ14Sep,WaterMainCZ14Sep,WaterMainCZ14Sep,WaterMainCZ14Sep,WaterMainCZ14Sep
WaterMainCZ14OctWk,WaterMainCZ14Oct,WaterMainCZ14Oct,WaterMainCZ14Oct,WaterMainCZ14Oct,WaterMainCZ14Oct,WaterMainCZ14Oct,WaterMainCZ14Oct,WaterMainCZ14Oct,WaterMainCZ14Oct,WaterMainCZ14Oct
WaterMainCZ14NovWk,WaterMainCZ14Nov,WaterMainCZ14Nov,WaterMainCZ14Nov,WaterMainCZ14Nov,WaterMainCZ14Nov,WaterMainCZ14Nov,WaterMainCZ14Nov,WaterMainCZ14Nov,WaterMainCZ14Nov,WaterMainCZ14Nov
WaterMainCZ14DecWk,WaterMainCZ14Dec,WaterMainCZ14Dec,WaterMainCZ14Dec,WaterMainCZ14Dec,WaterMainCZ14Dec,WaterMainCZ14Dec,WaterMainCZ14Dec,WaterMainCZ14Dec,WaterMainCZ14Dec,WaterMainCZ14Dec
WaterMainCZ15JanWk,WaterMainCZ15Jan,WaterMainCZ15Jan,WaterMainCZ15Jan,WaterMainCZ15Jan,WaterMainCZ15Jan,WaterMainCZ15Jan,WaterMainCZ15Jan,WaterMainCZ15Jan,WaterMainCZ15Jan,WaterMainCZ15Jan
WaterMainCZ15FebWk,WaterMainCZ15Feb,WaterMainCZ15Feb,WaterMainCZ15Feb,WaterMainCZ15Feb,WaterMainCZ15Feb,WaterMainCZ15Feb,WaterMainCZ15Feb,WaterMainCZ15Feb,WaterMainCZ15Feb,WaterMainCZ15Feb
WaterMainCZ15MarWk,WaterMainCZ15Mar,WaterMainCZ15Mar,WaterMainCZ15Mar,WaterMainCZ15Mar,WaterMainCZ15Mar,WaterMainCZ15Mar,WaterMainCZ15Mar,WaterMainCZ15Mar,WaterMainCZ15Mar,WaterMainCZ15Mar
WaterMainCZ15AprWk,WaterMainCZ15Apr,WaterMainCZ15Apr,WaterMainCZ15Apr,WaterMainCZ15Apr,WaterMainCZ15Apr,WaterMainCZ15Apr,WaterMainCZ15Apr,WaterMainCZ15Apr,WaterMainCZ15Apr,WaterMainCZ15Apr
WaterMainCZ15MayWk,WaterMainCZ15May,WaterMainCZ15May,WaterMainCZ15May,WaterMainCZ15May,WaterMainCZ15May,WaterMainCZ15May,WaterMainCZ15May,WaterMainCZ15May,WaterMainCZ15May,WaterMainCZ15May
WaterMainCZ15JunWk,WaterMainCZ15Jun,WaterMainCZ15Jun,WaterMainCZ15Jun,WaterMainCZ15Jun,WaterMainCZ15Jun,WaterMainCZ15Jun,WaterMainCZ15Jun,WaterMainCZ15Jun,WaterMainCZ15Jun,WaterMainCZ15Jun
WaterMainCZ15JulWk,WaterMainCZ15Jul,WaterMainCZ15Jul,WaterMainCZ15Jul,WaterMainCZ15Jul,WaterMainCZ15Jul,WaterMainCZ15Jul,WaterMainCZ15Jul,WaterMainCZ15Jul,WaterMainCZ15Jul,WaterMainCZ15Jul
WaterMainCZ15AugWk,WaterMainCZ15Aug,WaterMainCZ15Aug,WaterMainCZ15Aug,WaterMainCZ15Aug,WaterMainCZ15Aug,WaterMainCZ15Aug,WaterMainCZ15Aug,WaterMainCZ15Aug,WaterMainCZ15Aug,WaterMainCZ15Aug
WaterMainCZ15SepWk,WaterMainCZ15Sep,WaterMainCZ15Sep,WaterMainCZ15Sep,WaterMainCZ15Sep,WaterMainCZ15Sep,WaterMainCZ15Sep,WaterMainCZ15Sep,WaterMainCZ15Sep,WaterMainCZ15Sep,WaterMainCZ15Sep
WaterMainCZ15OctWk,WaterMainCZ15Oct,WaterMainCZ15Oct,WaterMainCZ15Oct,WaterMainCZ15Oct,WaterMainCZ15Oct,WaterMainCZ15Oct,WaterMainCZ15Oct,WaterMainCZ15Oct,WaterMainCZ15Oct,WaterMainCZ15Oct
WaterMainCZ15NovWk,WaterMainCZ15Nov,WaterMainCZ15Nov,WaterMainCZ15Nov,WaterMainCZ15Nov,WaterMainCZ15Nov,WaterMainCZ15Nov,WaterMainCZ15Nov,WaterMainCZ15Nov,WaterMainCZ15Nov,WaterMainCZ15Nov
WaterMainCZ15DecWk,WaterMainCZ15Dec,WaterMainCZ15Dec,WaterMainCZ15Dec,WaterMainCZ15Dec,WaterMainCZ15Dec,WaterMainCZ15Dec,WaterMainCZ15Dec,WaterMainCZ15Dec,WaterMainCZ15Dec,WaterMainCZ15Dec
WaterMainCZ16JanWk,WaterMainCZ16Jan,WaterMainCZ16Jan,WaterMainCZ16Jan,WaterMainCZ16Jan,WaterMainCZ16Jan,WaterMainCZ16Jan,WaterMainCZ16Jan,WaterMainCZ16Jan,WaterMainCZ16Jan,WaterMainCZ16Jan
WaterMainCZ16FebWk,WaterMainCZ16Feb,WaterMainCZ16Feb,WaterMainCZ16Feb,WaterMainCZ16Feb,WaterMainCZ16Feb,WaterMainCZ16Feb,WaterMainCZ16Feb,WaterMainCZ16Feb,WaterMainCZ16Feb,WaterMainCZ16Feb
WaterMainCZ16MarWk,WaterMainCZ16Mar,WaterMainCZ16Mar,WaterMainCZ16Mar,WaterMainCZ16Mar,WaterMainCZ16Mar,WaterMainCZ16Mar,WaterMainCZ16Mar,WaterMainCZ16Mar,WaterMainCZ16Mar,WaterMainCZ16Mar
WaterMainCZ16AprWk,WaterMainCZ16Apr,WaterMainCZ16Apr,WaterMainCZ16Apr,WaterMainCZ16Apr,WaterMainCZ16Apr,WaterMainCZ16Apr,WaterMainCZ16Apr,WaterMainCZ16Apr,WaterMainCZ16Apr,WaterMainCZ16Apr
WaterMainCZ16MayWk,WaterMainCZ16May,WaterMainCZ16May,WaterMainCZ16May,WaterMainCZ16May,WaterMainCZ16May,WaterMainCZ16May,WaterMainCZ16May,WaterMainCZ16May,WaterMainCZ16May,WaterMainCZ16May
WaterMainCZ16JunWk,WaterMainCZ16Jun,WaterMainCZ16Jun,WaterMainCZ16Jun,WaterMainCZ16Jun,WaterMainCZ16Jun,WaterMainCZ16Jun,WaterMainCZ16Jun,WaterMainCZ16Jun,WaterMainCZ16Jun,WaterMainCZ16Jun
WaterMainCZ16JulWk,WaterMainCZ16Jul,WaterMainCZ16Jul,WaterMainCZ16Jul,WaterMainCZ16Jul,WaterMainCZ16Jul,WaterMainCZ16Jul,WaterMainCZ16Jul,WaterMainCZ16Jul,WaterMainCZ16Jul,WaterMainCZ16Jul
WaterMainCZ16AugWk,WaterMainCZ16Aug,WaterMainCZ16Aug,WaterMainCZ16Aug,WaterMainCZ16Aug,WaterMainCZ16Aug,WaterMainCZ16Aug,WaterMainCZ16Aug,WaterMainCZ16Aug,WaterMainCZ16Aug,WaterMainCZ16Aug
WaterMainCZ16SepWk,WaterMainCZ16Sep,WaterMainCZ16Sep,WaterMainCZ16Sep,WaterMainCZ16Sep,WaterMainCZ16Sep,WaterMainCZ16Sep,WaterMainCZ16Sep,WaterMainCZ16Sep,WaterMainCZ16Sep,WaterMainCZ16Sep
WaterMainCZ16OctWk,WaterMainCZ16Oct,WaterMainCZ16Oct,WaterMainCZ16Oct,WaterMainCZ16Oct,WaterMainCZ16Oct,WaterMainCZ16Oct,WaterMainCZ16Oct,WaterMainCZ16Oct,WaterMainCZ16Oct,WaterMainCZ16Oct
WaterMainCZ16NovWk,WaterMainCZ16Nov,WaterMainCZ16Nov,WaterMainCZ16Nov,WaterMainCZ16Nov,WaterMainCZ16Nov,WaterMainCZ16Nov,WaterMainCZ16Nov,WaterMainCZ16Nov,WaterMainCZ16Nov,WaterMainCZ16Nov
WaterMainCZ16DecWk,WaterMainCZ16Dec,WaterMainCZ16Dec,WaterMainCZ16Dec,WaterMainCZ16Dec,WaterMainCZ16Dec,WaterMainCZ16Dec,WaterMainCZ16Dec,WaterMainCZ16Dec,WaterMainCZ16Dec,WaterMainCZ16Dec
