ScheduleYearName,EndMonth,EndDay,ScheduleWk,ScheduleWeekName,Mon,Tue,Wed,Thu,Fri,Sat,Sun,Hol,HtgDD,ClgDD
On,12,31,OnWk,OnWk,OnDay,OnDay,OnDay,OnDay,OnDay,OnDay,OnDay,OnDay,OnDay,OnDay
Off,12,31,OffWk,OffWk,OffDay,OffDay,OffDay,OffDay,OffDay,OffDay,OffDay,OffDay,OffDay,OffDay
AverageServiceHotWater,12,31,AverageServiceHotWaterWk,AverageServiceHotWaterWk,AverageServiceHotWaterWD,AverageServiceHotWaterWD,AverageServiceHotWaterWD,AverageServiceHotWaterWD,AverageServiceHotWaterWD,AverageServiceHotWaterSat,AverageServiceHotWaterSun,AverageServiceHotWaterSun,AverageServiceHotWaterWD,AverageServiceHotWaterWD
AssemblyOccupancy,12,31,AssemblyOccupancyWk,AssemblyOccupancyWk,AssemblyOccupancyWD,AssemblyOccupancyWD,AssemblyOccupancyWD,AssemblyOccupancyWD,AssemblyOccupancyWD,AssemblyOccupancySat,AssemblyOccupancySun,AssemblyOccupancySun,OffDay,OnDay
AssemblyLights,12,31,AssemblyLightsWk,AssemblyLightsWk,AssemblyLightsWD,AssemblyLightsWD,AssemblyLightsWD,AssemblyLightsWD,AssemblyLightsWD,AssemblyLightsSat,AssemblyLightsSun,AssemblyLightsSun,OffDay,OnDay
AssemblyReceptacle,12,31,AssemblyReceptacleWk,AssemblyReceptacleWk,AssemblyReceptacleWD,AssemblyReceptacleWD,AssemblyReceptacleWD,AssemblyReceptacleWD,AssemblyReceptacleWD,AssemblyReceptacleSat,AssemblyReceptacleSun,AssemblyReceptacleSun,OffDay,OnDay
AssemblyHVACAvail,12,31,AssemblyHVACAvailWk,AssemblyHVACAvailWk,AssemblyHVACAvailWD,AssemblyHVACAvailWD,AssemblyHVACAvailWD,AssemblyHVACAvailWD,AssemblyHVACAvailWD,AssemblyHVACAvailSat,AssemblyHVACAvailSun,AssemblyHVACAvailSun,OnDay,OnDay
AssemblyServiceHotWater,12,31,AssemblyServiceHotWaterWk,AssemblyServiceHotWaterWk,AssemblyServiceHotWaterWD,AssemblyServiceHotWaterWD,AssemblyServiceHotWaterWD,AssemblyServiceHotWaterWD,AssemblyServiceHotWaterWD,AssemblyServiceHotWaterSat,AssemblyServiceHotWaterSun,AssemblyServiceHotWaterSun,OffDay,OnDay
AssemblyElevator,12,31,AssemblyElevatorWk,AssemblyElevatorWk,AssemblyElevatorWD,AssemblyElevatorWD,AssemblyElevatorWD,AssemblyElevatorWD,AssemblyElevatorWD,AssemblyElevatorSat,AssemblyElevatorSun,AssemblyElevatorSun,OffDay,OnDay
AssemblyRefrigeration,12,31,AssemblyRefrigerationWk,AssemblyRefrigerationWk,AssemblyRefrigerationWD,AssemblyRefrigerationWD,AssemblyRefrigerationWD,AssemblyRefrigerationWD,AssemblyRefrigerationWD,AssemblyRefrigerationSat,AssemblyRefrigerationSun,AssemblyRefrigerationSun,AssemblyRefrigerationSun,AssemblyRefrigerationWD
AssemblyGasEquip,12,31,AssemblyGasEquipWk,AssemblyGasEquipWk,AssemblyGasEquipWD,AssemblyGasEquipWD,AssemblyGasEquipWD,AssemblyGasEquipWD,AssemblyGasEquipWD,AssemblyGasEquipSat,AssemblyGasEquipSun,AssemblyGasEquipSun,OffDay,OnDay
AssemblyHtgSetpt,12,31,AssemblyHtgSetptWk,AssemblyHtgSetptWk,AssemblyHtgSetptWD,AssemblyHtgSetptWD,AssemblyHtgSetptWD,AssemblyHtgSetptWD,AssemblyHtgSetptWD,AssemblyHtgSetptSat,AssemblyHtgSetptSun,AssemblyHtgSetptSun,AssemblyHtgSetptWD,AssemblyHtgSetptWD
AssemblyClgSetpt,12,31,AssemblyClgSetptWk,AssemblyClgSetptWk,AssemblyClgSetptWD,AssemblyClgSetptWD,AssemblyClgSetptWD,AssemblyClgSetptWD,AssemblyClgSetptWD,AssemblyClgSetptSat,AssemblyClgSetptSun,AssemblyClgSetptSun,AssemblyClgSetptWD,AssemblyClgSetptWD
AssemblyInfiltration,12,31,AssemblyInfiltrationWk,AssemblyInfiltrationWk,AssemblyInfiltrationWD,AssemblyInfiltrationWD,AssemblyInfiltrationWD,AssemblyInfiltrationWD,AssemblyInfiltrationWD,AssemblyInfiltrationSat,AssemblyInfiltrationSun,AssemblyInfiltrationSun,AssemblyInfiltrationWD,AssemblyInfiltrationWD
AssemblyEscalator,12,31,AssemblyEscalatorWk,AssemblyEscalatorWk,AssemblyEscalatorWD,AssemblyEscalatorWD,AssemblyEscalatorWD,AssemblyEscalatorWD,AssemblyEscalatorWD,AssemblyEscalatorSat,AssemblyEscalatorSun,AssemblyEscalatorSun,OffDay,OnDay
AssemblyWtrHtrSetpt,12,31,AssemblyWtrHtrSetptWk,AssemblyWtrHtrSetptWk,AssemblyWtrHtrSetptWD,AssemblyWtrHtrSetptWD,AssemblyWtrHtrSetptWD,AssemblyWtrHtrSetptWD,AssemblyWtrHtrSetptWD,AssemblyWtrHtrSetptSat,AssemblyWtrHtrSetptSun,AssemblyWtrHtrSetptSun,AssemblyWtrHtrSetptWD,AssemblyWtrHtrSetptWD
DataOccupancy,12,31,DataOccupancyWk,DataOccupancyWk,DataOccupancyWD,DataOccupancyWD,DataOccupancyWD,DataOccupancyWD,DataOccupancyWD,DataOccupancySat,DataOccupancySun,DataOccupancySun,OffDay,OnDay
DataLights,12,31,DataLightsWk,DataLightsWk,DataLightsWD,DataLightsWD,DataLightsWD,DataLightsWD,DataLightsWD,DataLightsSat,DataLightsSun,DataLightsSun,OffDay,OnDay
DataHVACAvail,12,31,DataHVACAvailWk,DataHVACAvailWk,DataHVACAvailWD,DataHVACAvailWD,DataHVACAvailWD,DataHVACAvailWD,DataHVACAvailWD,DataHVACAvailSat,DataHVACAvailSun,DataHVACAvailSun,OnDay,OnDay
DataServiceHotWater,12,31,DataServiceHotWaterWk,DataServiceHotWaterWk,DataServiceHotWaterWD,DataServiceHotWaterWD,DataServiceHotWaterWD,DataServiceHotWaterWD,DataServiceHotWaterWD,DataServiceHotWaterSat,DataServiceHotWaterSun,DataServiceHotWaterSun,OffDay,OnDay
DataElevator,12,31,DataElevatorWk,DataElevatorWk,DataElevatorWD,DataElevatorWD,DataElevatorWD,DataElevatorWD,DataElevatorWD,DataElevatorSat,DataElevatorSun,DataElevatorSun,OffDay,OnDay
DataHtgSetpt,12,31,DataHtgSetptWk,DataHtgSetptWk,DataHtgSetptWD,DataHtgSetptWD,DataHtgSetptWD,DataHtgSetptWD,DataHtgSetptWD,DataHtgSetptSat,DataHtgSetptSun,DataHtgSetptSun,DataHtgSetptWD,DataHtgSetptWD
DataClgSetpt,12,31,DataClgSetptWk,DataClgSetptWk,DataClgSetptWD,DataClgSetptWD,DataClgSetptWD,DataClgSetptWD,DataClgSetptWD,DataClgSetptSat,DataClgSetptSun,DataClgSetptSun,DataClgSetptWD,DataClgSetptWD
DataInfiltration,12,31,DataInfiltrationWk,DataInfiltrationWk,DataInfiltrationWD,DataInfiltrationWD,DataInfiltrationWD,DataInfiltrationWD,DataInfiltrationWD,DataInfiltrationSat,DataInfiltrationSun,DataInfiltrationSun,DataInfiltrationWD,DataInfiltrationWD
DataWtrHtrSetpt,12,31,DataWtrHtrSetptWk,DataWtrHtrSetptWk,DataWtrHtrSetptWD,DataWtrHtrSetptWD,DataWtrHtrSetptWD,DataWtrHtrSetptWD,DataWtrHtrSetptWD,DataWtrHtrSetptSat,DataWtrHtrSetptSun,DataWtrHtrSetptSun,DataWtrHtrSetptWD,DataWtrHtrSetptWD
DataEscalator,12,31,DataEscalatorWk,DataEscalatorWk,DataEscalatorWD,DataEscalatorWD,DataEscalatorWD,DataEscalatorWD,DataEscalatorWD,DataEscalatorSat,DataEscalatorSun,DataEscalatorSun,OffDay,OnDay
DataGasEquip,12,31,DataGasEquipWk,DataGasEquipWk,DataGasEquipWD,DataGasEquipWD,DataGasEquipWD,DataGasEquipWD,DataGasEquipWD,DataGasEquipSat,DataGasEquipSun,DataGasEquipSun,OffDay,OnDay
DataRefrigeration,12,31,DataRefrigerationWk,DataRefrigerationWk,DataRefrigerationWD,DataRefrigerationWD,DataRefrigerationWD,DataRefrigerationWD,DataRefrigerationWD,DataRefrigerationSat,DataRefrigerationSun,DataRefrigerationSun,DataRefrigerationSun,DataRefrigerationWD
HealthOccupancy,12,31,HealthOccupancyWk,HealthOccupancyWk,HealthOccupancyWD,HealthOccupancyWD,HealthOccupancyWD,HealthOccupancyWD,HealthOccupancyWD,HealthOccupancySat,HealthOccupancySun,HealthOccupancySun,OffDay,OnDay
HealthLights,12,31,HealthLightsWk,HealthLightsWk,HealthLightsWD,HealthLightsWD,HealthLightsWD,HealthLightsWD,HealthLightsWD,HealthLightsSat,HealthLightsSun,HealthLightsSun,OffDay,OnDay
HealthReceptacle,12,31,HealthReceptacleWk,HealthReceptacleWk,HealthReceptacleWD,HealthReceptacleWD,HealthReceptacleWD,HealthReceptacleWD,HealthReceptacleWD,HealthReceptacleSat,HealthReceptacleSun,HealthReceptacleSun,OffDay,OnDay
HealthHVACAvail,12,31,HealthHVACAvailWk,HealthHVACAvailWk,HealthHVACAvailWD,HealthHVACAvailWD,HealthHVACAvailWD,HealthHVACAvailWD,HealthHVACAvailWD,HealthHVACAvailSat,HealthHVACAvailSun,HealthHVACAvailSun,OnDay,OnDay
HealthServiceHotWater,12,31,HealthServiceHotWaterWk,HealthServiceHotWaterWk,HealthServiceHotWaterWD,HealthServiceHotWaterWD,HealthServiceHotWaterWD,HealthServiceHotWaterWD,HealthServiceHotWaterWD,HealthServiceHotWaterSat,HealthServiceHotWaterSun,HealthServiceHotWaterSun,OffDay,OnDay
HealthElevator,12,31,HealthElevatorWk,HealthElevatorWk,HealthElevatorWD,HealthElevatorWD,HealthElevatorWD,HealthElevatorWD,HealthElevatorWD,HealthElevatorSat,HealthElevatorSun,HealthElevatorSun,OffDay,OnDay
HealthRefrigeration,12,31,HealthRefrigerationWk,HealthRefrigerationWk,HealthRefrigerationWD,HealthRefrigerationWD,HealthRefrigerationWD,HealthRefrigerationWD,HealthRefrigerationWD,HealthRefrigerationSat,HealthRefrigerationSun,HealthRefrigerationSun,HealthRefrigerationSun,HealthRefrigerationWD
HealthGasEquip,12,31,HealthGasEquipWk,HealthGasEquipWk,HealthGasEquipWD,HealthGasEquipWD,HealthGasEquipWD,HealthGasEquipWD,HealthGasEquipWD,HealthGasEquipSat,HealthGasEquipSun,HealthGasEquipSun,OffDay,OnDay
HealthHtgSetpt,12,31,HealthHtgSetptWk,HealthHtgSetptWk,HealthHtgSetptWD,HealthHtgSetptWD,HealthHtgSetptWD,HealthHtgSetptWD,HealthHtgSetptWD,HealthHtgSetptSat,HealthHtgSetptSun,HealthHtgSetptSun,HealthHtgSetptWD,HealthHtgSetptWD
HealthClgSetpt,12,31,HealthClgSetptWk,HealthClgSetptWk,HealthClgSetptWD,HealthClgSetptWD,HealthClgSetptWD,HealthClgSetptWD,HealthClgSetptWD,HealthClgSetptSat,HealthClgSetptSun,HealthClgSetptSun,HealthClgSetptWD,HealthClgSetptWD
HealthInfiltration,12,31,HealthInfiltrationWk,HealthInfiltrationWk,HealthInfiltrationWD,HealthInfiltrationWD,HealthInfiltrationWD,HealthInfiltrationWD,HealthInfiltrationWD,HealthInfiltrationSat,HealthInfiltrationSun,HealthInfiltrationSun,HealthInfiltrationWD,HealthInfiltrationWD
HealthWtrHtrSetpt,12,31,HealthWtrHtrSetptWk,HealthWtrHtrSetptWk,HealthWtrHtrSetptWD,HealthWtrHtrSetptWD,HealthWtrHtrSetptWD,HealthWtrHtrSetptWD,HealthWtrHtrSetptWD,HealthWtrHtrSetptSat,HealthWtrHtrSetptSun,HealthWtrHtrSetptSun,HealthWtrHtrSetptWD,HealthWtrHtrSetptWD
HealthEscalator,12,31,HealthEscalatorWk,HealthEscalatorWk,HealthEscalatorWD,HealthEscalatorWD,HealthEscalatorWD,HealthEscalatorWD,HealthEscalatorWD,HealthEscalatorSat,HealthEscalatorSun,HealthEscalatorSun,OffDay,OnDay
LabOccupancy,12,31,LabOccupancyWk,LabOccupancyWk,LabOccupancyWD,LabOccupancyWD,LabOccupancyWD,LabOccupancyWD,LabOccupancyWD,LabOccupancySat,LabOccupancySun,LabOccupancySun,OffDay,OnDay
LabLights,12,31,LabLightsWk,LabLightsWk,LabLightsWD,LabLightsWD,LabLightsWD,LabLightsWD,LabLightsWD,LabLightsSat,LabLightsSun,LabLightsSun,OffDay,OnDay
LabReceptacle,12,31,LabReceptacleWk,LabReceptacleWk,LabReceptacleWD,LabReceptacleWD,LabReceptacleWD,LabReceptacleWD,LabReceptacleWD,LabReceptacleSat,LabReceptacleSun,LabReceptacleSun,OffDay,OnDay
LabHVACAvail,12,31,LabHVACAvailWk,LabHVACAvailWk,LabHVACAvailWD,LabHVACAvailWD,LabHVACAvailWD,LabHVACAvailWD,LabHVACAvailWD,LabHVACAvailSat,LabHVACAvailSun,LabHVACAvailSun,OnDay,OnDay
LabServiceHotWater,12,31,LabServiceHotWaterWk,LabServiceHotWaterWk,LabServiceHotWaterWD,LabServiceHotWaterWD,LabServiceHotWaterWD,LabServiceHotWaterWD,LabServiceHotWaterWD,LabServiceHotWaterSat,LabServiceHotWaterSun,LabServiceHotWaterSun,OffDay,OnDay
LabElevator,12,31,LabElevatorWk,LabElevatorWk,LabElevatorWD,LabElevatorWD,LabElevatorWD,LabElevatorWD,LabElevatorWD,LabElevatorSat,LabElevatorSun,LabElevatorSun,OffDay,OnDay
LabExhaustHoodCAV,12,31,LabExhaustHoodCAVWk,LabExhaustHoodCAVWk,LabExhaustHoodCAVWD,LabExhaustHoodCAVWD,LabExhaustHoodCAVWD,LabExhaustHoodCAVWD,LabExhaustHoodCAVWD,LabExhaustHoodCAVSat,LabExhaustHoodCAVSun,LabExhaustHoodCAVSun,LabExhaustHoodCAVSun,LabExhaustHoodCAVWD
LabExhaustHoodVAV,12,31,LabExhaustHoodVAVWk,LabExhaustHoodVAVWk,LabExhaustHoodVAVWD,LabExhaustHoodVAVWD,LabExhaustHoodVAVWD,LabExhaustHoodVAVWD,LabExhaustHoodVAVWD,LabExhaustHoodVAVSat,LabExhaustHoodVAVSun,LabExhaustHoodVAVSun,LabExhaustHoodVAVSun,LabExhaustHoodVAVWD
LabProcessEquipmentTypicalUse,12,31,LabProcessEquipmentTypicalUseWk,LabProcessEquipmentTypicalUseWk,LabProcessEquipmentTypicalUseWD,LabProcessEquipmentTypicalUseWD,LabProcessEquipmentTypicalUseWD,LabProcessEquipmentTypicalUseWD,LabProcessEquipmentTypicalUseWD,LabProcessEquipmentTypicalUseSat,LabProcessEquipmentTypicalUseSun,LabProcessEquipmentTypicalUseSun,LabProcessEquipmentTypicalUseSun,LabProcessEquipmentTypicalUseWD
LabProcessEquipmentHighUse,12,31,LabProcessEquipmentHighUseWk,LabProcessEquipmentHighUseWk,LabProcessEquipmentHighUseWD,LabProcessEquipmentHighUseWD,LabProcessEquipmentHighUseWD,LabProcessEquipmentHighUseWD,LabProcessEquipmentHighUseWD,LabProcessEquipmentHighUseSat,LabProcessEquipmentHighUseSun,LabProcessEquipmentHighUseSun,LabProcessEquipmentHighUseSun,LabProcessEquipmentHighUseWD
LabRefrigeration,12,31,LabRefrigerationWk,LabRefrigerationWk,LabRefrigerationWD,LabRefrigerationWD,LabRefrigerationWD,LabRefrigerationWD,LabRefrigerationWD,LabRefrigerationSat,LabRefrigerationSun,LabRefrigerationSun,LabRefrigerationSun,LabRefrigerationWD
LabGasEquip,12,31,LabGasEquipWk,LabGasEquipWk,LabGasEquipWD,LabGasEquipWD,LabGasEquipWD,LabGasEquipWD,LabGasEquipWD,LabGasEquipSat,LabGasEquipSun,LabGasEquipSun,OffDay,OnDay
LabHtgSetpt,12,31,LabHtgSetptWk,LabHtgSetptWk,LabHtgSetptWD,LabHtgSetptWD,LabHtgSetptWD,LabHtgSetptWD,LabHtgSetptWD,LabHtgSetptSat,LabHtgSetptSun,LabHtgSetptSun,LabHtgSetptWD,LabHtgSetptWD
LabClgSetpt,12,31,LabClgSetptWk,LabClgSetptWk,LabClgSetptWD,LabClgSetptWD,LabClgSetptWD,LabClgSetptWD,LabClgSetptWD,LabClgSetptSat,LabClgSetptSun,LabClgSetptSun,LabClgSetptWD,LabClgSetptWD
LabInfiltration,12,31,LabInfiltrationWk,LabInfiltrationWk,LabInfiltrationWD,LabInfiltrationWD,LabInfiltrationWD,LabInfiltrationWD,LabInfiltrationWD,LabInfiltrationSat,LabInfiltrationSun,LabInfiltrationSun,LabInfiltrationWD,LabInfiltrationWD
LabWtrHtrSetpt,12,31,LabWtrHtrSetptWk,LabWtrHtrSetptWk,LabWtrHtrSetptWD,LabWtrHtrSetptWD,LabWtrHtrSetptWD,LabWtrHtrSetptWD,LabWtrHtrSetptWD,LabWtrHtrSetptSat,LabWtrHtrSetptSun,LabWtrHtrSetptSun,LabWtrHtrSetptWD,LabWtrHtrSetptWD
ManufacturingOccupancy,12,31,ManufacturingOccupancyWk,ManufacturingOccupancyWk,ManufacturingOccupancyWD,ManufacturingOccupancyWD,ManufacturingOccupancyWD,ManufacturingOccupancyWD,ManufacturingOccupancyWD,ManufacturingOccupancySat,ManufacturingOccupancySun,ManufacturingOccupancySun,OffDay,OnDay
ManufacturingLights,12,31,ManufacturingLightsWk,ManufacturingLightsWk,ManufacturingLightsWD,ManufacturingLightsWD,ManufacturingLightsWD,ManufacturingLightsWD,ManufacturingLightsWD,ManufacturingLightsSat,ManufacturingLightsSun,ManufacturingLightsSun,OffDay,OnDay
ManufacturingReceptacle,12,31,ManufacturingReceptacleWk,ManufacturingReceptacleWk,ManufacturingReceptacleWD,ManufacturingReceptacleWD,ManufacturingReceptacleWD,ManufacturingReceptacleWD,ManufacturingReceptacleWD,ManufacturingReceptacleSat,ManufacturingReceptacleSun,ManufacturingReceptacleSun,OffDay,OnDay
ManufacturingHVACAvail,12,31,ManufacturingHVACAvailWk,ManufacturingHVACAvailWk,ManufacturingHVACAvailWD,ManufacturingHVACAvailWD,ManufacturingHVACAvailWD,ManufacturingHVACAvailWD,ManufacturingHVACAvailWD,ManufacturingHVACAvailSat,ManufacturingHVACAvailSun,ManufacturingHVACAvailSun,OnDay,OnDay
ManufacturingServiceHotWater,12,31,ManufacturingServiceHotWaterWk,ManufacturingServiceHotWaterWk,ManufacturingServiceHotWaterWD,ManufacturingServiceHotWaterWD,ManufacturingServiceHotWaterWD,ManufacturingServiceHotWaterWD,ManufacturingServiceHotWaterWD,ManufacturingServiceHotWaterSat,ManufacturingServiceHotWaterSun,ManufacturingServiceHotWaterSun,OffDay,OnDay
ManufacturingElevator,12,31,ManufacturingElevatorWk,ManufacturingElevatorWk,ManufacturingElevatorWD,ManufacturingElevatorWD,ManufacturingElevatorWD,ManufacturingElevatorWD,ManufacturingElevatorWD,ManufacturingElevatorSat,ManufacturingElevatorSun,ManufacturingElevatorSun,OffDay,OnDay
ManufacturingRefrigeration,12,31,ManufacturingRefrigerationWk,ManufacturingRefrigerationWk,ManufacturingRefrigerationWD,ManufacturingRefrigerationWD,ManufacturingRefrigerationWD,ManufacturingRefrigerationWD,ManufacturingRefrigerationWD,ManufacturingRefrigerationSat,ManufacturingRefrigerationSun,ManufacturingRefrigerationSun,ManufacturingRefrigerationSun,ManufacturingRefrigerationWD
ManufacturingGasEquip,12,31,ManufacturingGasEquipWk,ManufacturingGasEquipWk,ManufacturingGasEquipWD,ManufacturingGasEquipWD,ManufacturingGasEquipWD,ManufacturingGasEquipWD,ManufacturingGasEquipWD,ManufacturingGasEquipSat,ManufacturingGasEquipSun,ManufacturingGasEquipSun,OffDay,OnDay
ManufacturingHtgSetpt,12,31,ManufacturingHtgSetptWk,ManufacturingHtgSetptWk,ManufacturingHtgSetptWD,ManufacturingHtgSetptWD,ManufacturingHtgSetptWD,ManufacturingHtgSetptWD,ManufacturingHtgSetptWD,ManufacturingHtgSetptSat,ManufacturingHtgSetptSun,ManufacturingHtgSetptSun,ManufacturingHtgSetptWD,ManufacturingHtgSetptWD
ManufacturingClgSetpt,12,31,ManufacturingClgSetptWk,ManufacturingClgSetptWk,ManufacturingClgSetptWD,ManufacturingClgSetptWD,ManufacturingClgSetptWD,ManufacturingClgSetptWD,ManufacturingClgSetptWD,ManufacturingClgSetptSat,ManufacturingClgSetptSun,ManufacturingClgSetptSun,ManufacturingClgSetptWD,ManufacturingClgSetptWD
ManufacturingInfiltration,12,31,ManufacturingInfiltrationWk,ManufacturingInfiltrationWk,ManufacturingInfiltrationWD,ManufacturingInfiltrationWD,ManufacturingInfiltrationWD,ManufacturingInfiltrationWD,ManufacturingInfiltrationWD,ManufacturingInfiltrationSat,ManufacturingInfiltrationSun,ManufacturingInfiltrationSun,ManufacturingInfiltrationWD,ManufacturingInfiltrationWD
ManufacturingWtrHtrSetpt,12,31,ManufacturingWtrHtrSetptWk,ManufacturingWtrHtrSetptWk,ManufacturingWtrHtrSetptWD,ManufacturingWtrHtrSetptWD,ManufacturingWtrHtrSetptWD,ManufacturingWtrHtrSetptWD,ManufacturingWtrHtrSetptWD,ManufacturingWtrHtrSetptSat,ManufacturingWtrHtrSetptSun,ManufacturingWtrHtrSetptSun,ManufacturingWtrHtrSetptWD,ManufacturingWtrHtrSetptWD
ManufacturingEscalator,12,31,ManufacturingEscalatorWk,ManufacturingEscalatorWk,ManufacturingEscalatorWD,ManufacturingEscalatorWD,ManufacturingEscalatorWD,ManufacturingEscalatorWD,ManufacturingEscalatorWD,ManufacturingEscalatorSat,ManufacturingEscalatorSun,ManufacturingEscalatorSun,OffDay,OnDay
OfficeOccupancy,12,31,OfficeOccupancyWk,OfficeOccupancyWk,OfficeOccupancyWD,OfficeOccupancyWD,OfficeOccupancyWD,OfficeOccupancyWD,OfficeOccupancyWD,OfficeOccupancySat,OfficeOccupancySun,OfficeOccupancySun,OffDay,OnDay
OfficeLights,12,31,OfficeLightsWk,OfficeLightsWk,OfficeLightsWD,OfficeLightsWD,OfficeLightsWD,OfficeLightsWD,OfficeLightsWD,OfficeLightsSat,OfficeLightsSun,OfficeLightsSun,OffDay,OnDay
OfficeReceptacle,12,31,OfficeReceptacleWk,OfficeReceptacleWk,OfficeReceptacleWD,OfficeReceptacleWD,OfficeReceptacleWD,OfficeReceptacleWD,OfficeReceptacleWD,OfficeReceptacleSat,OfficeReceptacleSun,OfficeReceptacleSun,OffDay,OnDay
OfficeHVACAvail,12,31,OfficeHVACAvailWk,OfficeHVACAvailWk,OfficeHVACAvailWD,OfficeHVACAvailWD,OfficeHVACAvailWD,OfficeHVACAvailWD,OfficeHVACAvailWD,OfficeHVACAvailSat,OfficeHVACAvailSun,OfficeHVACAvailSun,OnDay,OnDay
OfficeServiceHotWater,12,31,OfficeServiceHotWaterWk,OfficeServiceHotWaterWk,OfficeServiceHotWaterWD,OfficeServiceHotWaterWD,OfficeServiceHotWaterWD,OfficeServiceHotWaterWD,OfficeServiceHotWaterWD,OfficeServiceHotWaterSat,OfficeServiceHotWaterSun,OfficeServiceHotWaterSun,OffDay,OnDay
OfficeElevator,12,31,OfficeElevatorWk,OfficeElevatorWk,OfficeElevatorWD,OfficeElevatorWD,OfficeElevatorWD,OfficeElevatorWD,OfficeElevatorWD,OfficeElevatorSat,OfficeElevatorSun,OfficeElevatorSun,OffDay,OnDay
OfficeRefrigeration,12,31,OfficeRefrigerationWk,OfficeRefrigerationWk,OfficeRefrigerationWD,OfficeRefrigerationWD,OfficeRefrigerationWD,OfficeRefrigerationWD,OfficeRefrigerationWD,OfficeRefrigerationSat,OfficeRefrigerationSun,OfficeRefrigerationSun,OfficeRefrigerationSun,OfficeRefrigerationWD
OfficeHtgSetpt,12,31,OfficeHtgSetptWk,OfficeHtgSetptWk,OfficeHtgSetptWD,OfficeHtgSetptWD,OfficeHtgSetptWD,OfficeHtgSetptWD,OfficeHtgSetptWD,OfficeHtgSetptSat,OfficeHtgSetptSun,OfficeHtgSetptSun,OfficeHtgSetptWD,OfficeHtgSetptWD
OfficeClgSetpt,12,31,OfficeClgSetptWk,OfficeClgSetptWk,OfficeClgSetptWD,OfficeClgSetptWD,OfficeClgSetptWD,OfficeClgSetptWD,OfficeClgSetptWD,OfficeClgSetptSat,OfficeClgSetptSun,OfficeClgSetptSun,OfficeClgSetptWD,OfficeClgSetptWD
OfficeInfiltration,12,31,OfficeInfiltrationWk,OfficeInfiltrationWk,OfficeInfiltrationWD,OfficeInfiltrationWD,OfficeInfiltrationWD,OfficeInfiltrationWD,OfficeInfiltrationWD,OfficeInfiltrationSat,OfficeInfiltrationSun,OfficeInfiltrationSun,OfficeInfiltrationWD,OfficeInfiltrationWD
OfficeEscalator,12,31,OfficeEscalatorWk,OfficeEscalatorWk,OfficeEscalatorWD,OfficeEscalatorWD,OfficeEscalatorWD,OfficeEscalatorWD,OfficeEscalatorWD,OfficeEscalatorSat,OfficeEscalatorSun,OfficeEscalatorSun,OffDay,OnDay
OfficeWtrHtrSetpt,12,31,OfficeWtrHtrSetptWk,OfficeWtrHtrSetptWk,OfficeWtrHtrSetptWD,OfficeWtrHtrSetptWD,OfficeWtrHtrSetptWD,OfficeWtrHtrSetptWD,OfficeWtrHtrSetptWD,OfficeWtrHtrSetptSat,OfficeWtrHtrSetptSun,OfficeWtrHtrSetptSun,OfficeWtrHtrSetptWD,OfficeWtrHtrSetptWD
OfficeGasEquip,12,31,OfficeGasEquipWk,OfficeGasEquipWk,OfficeGasEquipWD,OfficeGasEquipWD,OfficeGasEquipWD,OfficeGasEquipWD,OfficeGasEquipWD,OfficeGasEquipSat,OfficeGasEquipSun,OfficeGasEquipSun,OffDay,OnDay
ParkingOccupancy,12,31,ParkingOccupancyWk,ParkingOccupancyWk,ParkingOccupancyWD,ParkingOccupancyWD,ParkingOccupancyWD,ParkingOccupancyWD,ParkingOccupancyWD,ParkingOccupancySat,ParkingOccupancySun,ParkingOccupancySun,OffDay,OnDay
ParkingLights,12,31,ParkingLightsWk,ParkingLightsWk,ParkingLightsWD,ParkingLightsWD,ParkingLightsWD,ParkingLightsWD,ParkingLightsWD,ParkingLightsSat,ParkingLightsSun,ParkingLightsSun,OffDay,OnDay
ParkingReceptacle,12,31,ParkingReceptacleWk,ParkingReceptacleWk,ParkingReceptacleWD,ParkingReceptacleWD,ParkingReceptacleWD,ParkingReceptacleWD,ParkingReceptacleWD,ParkingReceptacleSat,ParkingReceptacleSun,ParkingReceptacleSun,OffDay,OnDay
ParkingHVACAvail,12,31,ParkingHVACAvailWk,ParkingHVACAvailWk,ParkingHVACAvailWD,ParkingHVACAvailWD,ParkingHVACAvailWD,ParkingHVACAvailWD,ParkingHVACAvailWD,ParkingHVACAvailSat,ParkingHVACAvailSun,ParkingHVACAvailSun,OnDay,OnDay
ParkingServiceHotWater,12,31,ParkingServiceHotWaterWk,ParkingServiceHotWaterWk,ParkingServiceHotWaterWD,ParkingServiceHotWaterWD,ParkingServiceHotWaterWD,ParkingServiceHotWaterWD,ParkingServiceHotWaterWD,ParkingServiceHotWaterSat,ParkingServiceHotWaterSun,ParkingServiceHotWaterSun,OffDay,OnDay
ParkingElevator,12,31,ParkingElevatorWk,ParkingElevatorWk,ParkingElevatorWD,ParkingElevatorWD,ParkingElevatorWD,ParkingElevatorWD,ParkingElevatorWD,ParkingElevatorSat,ParkingElevatorSun,ParkingElevatorSun,OffDay,OnDay
ParkingHtgSetpt,12,31,ParkingHtgSetptWk,ParkingHtgSetptWk,ParkingHtgSetptWD,ParkingHtgSetptWD,ParkingHtgSetptWD,ParkingHtgSetptWD,ParkingHtgSetptWD,ParkingHtgSetptSat,ParkingHtgSetptSun,ParkingHtgSetptSun,ParkingHtgSetptWD,ParkingHtgSetptWD
ParkingClgSetpt,12,31,ParkingClgSetptWk,ParkingClgSetptWk,ParkingClgSetptWD,ParkingClgSetptWD,ParkingClgSetptWD,ParkingClgSetptWD,ParkingClgSetptWD,ParkingClgSetptSat,ParkingClgSetptSun,ParkingClgSetptSun,ParkingClgSetptWD,ParkingClgSetptWD
ParkingInfiltration,12,31,ParkingInfiltrationWk,ParkingInfiltrationWk,ParkingInfiltrationWD,ParkingInfiltrationWD,ParkingInfiltrationWD,ParkingInfiltrationWD,ParkingInfiltrationWD,ParkingInfiltrationSat,ParkingInfiltrationSun,ParkingInfiltrationSun,ParkingInfiltrationWD,ParkingInfiltrationWD
ParkingEscalator,12,31,ParkingEscalatorWk,ParkingEscalatorWk,ParkingEscalatorWD,ParkingEscalatorWD,ParkingEscalatorWD,ParkingEscalatorWD,ParkingEscalatorWD,ParkingEscalatorSat,ParkingEscalatorSun,ParkingEscalatorSun,OffDay,OnDay
ParkingGasEquip,12,31,ParkingGasEquipWk,ParkingGasEquipWk,ParkingGasEquipWD,ParkingGasEquipWD,ParkingGasEquipWD,ParkingGasEquipWD,ParkingGasEquipWD,ParkingGasEquipSat,ParkingGasEquipSun,ParkingGasEquipSun,OffDay,OnDay
ParkingRefrigeration,12,31,ParkingRefrigerationWk,ParkingRefrigerationWk,ParkingRefrigerationWD,ParkingRefrigerationWD,ParkingRefrigerationWD,ParkingRefrigerationWD,ParkingRefrigerationWD,ParkingRefrigerationSat,ParkingRefrigerationSun,ParkingRefrigerationSun,ParkingRefrigerationSun,ParkingRefrigerationWD
ParkingWtrHtrSetpt,12,31,ParkingWtrHtrSetptWk,ParkingWtrHtrSetptWk,ParkingWtrHtrSetptWD,ParkingWtrHtrSetptWD,ParkingWtrHtrSetptWD,ParkingWtrHtrSetptWD,ParkingWtrHtrSetptWD,ParkingWtrHtrSetptSat,ParkingWtrHtrSetptSun,ParkingWtrHtrSetptSun,ParkingWtrHtrSetptWD,ParkingWtrHtrSetptWD
ResidentialCommonOccupancy,12,31,ResidentialCommonOccupancyWk,ResidentialCommonOccupancyWk,ResidentialCommonOccupancyWD,ResidentialCommonOccupancyWD,ResidentialCommonOccupancyWD,ResidentialCommonOccupancyWD,ResidentialCommonOccupancyWD,ResidentialCommonOccupancySat,ResidentialCommonOccupancySun,ResidentialCommonOccupancySun,OffDay,OnDay
ResidentialCommonLights,12,31,ResidentialCommonLightsWk,ResidentialCommonLightsWk,ResidentialCommonLightsWD,ResidentialCommonLightsWD,ResidentialCommonLightsWD,ResidentialCommonLightsWD,ResidentialCommonLightsWD,ResidentialCommonLightsSat,ResidentialCommonLightsSun,ResidentialCommonLightsSun,OffDay,OnDay
ResidentialCommonReceptacle,12,31,ResidentialCommonReceptacleWk,ResidentialCommonReceptacleWk,ResidentialCommonReceptacleWD,ResidentialCommonReceptacleWD,ResidentialCommonReceptacleWD,ResidentialCommonReceptacleWD,ResidentialCommonReceptacleWD,ResidentialCommonReceptacleSat,ResidentialCommonReceptacleSun,ResidentialCommonReceptacleSun,OffDay,OnDay
ResidentialCommonHVACAvail,12,31,ResidentialCommonHVACAvailWk,ResidentialCommonHVACAvailWk,ResidentialCommonHVACAvailWD,ResidentialCommonHVACAvailWD,ResidentialCommonHVACAvailWD,ResidentialCommonHVACAvailWD,ResidentialCommonHVACAvailWD,ResidentialCommonHVACAvailSat,ResidentialCommonHVACAvailSun,ResidentialCommonHVACAvailSun,OnDay,OnDay
ResidentialCommonServiceHotWater,12,31,ResidentialCommonServiceHotWaterWk,ResidentialCommonServiceHotWaterWk,ResidentialCommonServiceHotWaterWD,ResidentialCommonServiceHotWaterWD,ResidentialCommonServiceHotWaterWD,ResidentialCommonServiceHotWaterWD,ResidentialCommonServiceHotWaterWD,ResidentialCommonServiceHotWaterSat,ResidentialCommonServiceHotWaterSun,ResidentialCommonServiceHotWaterSun,OffDay,OnDay
ResidentialCommonGasEquip,12,31,ResidentialCommonGasEquipWk,ResidentialCommonGasEquipWk,ResidentialCommonGasEquipWD,ResidentialCommonGasEquipWD,ResidentialCommonGasEquipWD,ResidentialCommonGasEquipWD,ResidentialCommonGasEquipWD,ResidentialCommonGasEquipSat,ResidentialCommonGasEquipSun,ResidentialCommonGasEquipSun,OffDay,OnDay
ResidentialCommonHtgSetpt,12,31,ResidentialCommonHtgSetptWk,ResidentialCommonHtgSetptWk,ResidentialCommonHtgSetptWD,ResidentialCommonHtgSetptWD,ResidentialCommonHtgSetptWD,ResidentialCommonHtgSetptWD,ResidentialCommonHtgSetptWD,ResidentialCommonHtgSetptSat,ResidentialCommonHtgSetptSun,ResidentialCommonHtgSetptSun,ResidentialCommonHtgSetptWD,ResidentialCommonHtgSetptWD
ResidentialCommonClgSetpt,12,31,ResidentialCommonClgSetptWk,ResidentialCommonClgSetptWk,ResidentialCommonClgSetptWD,ResidentialCommonClgSetptWD,ResidentialCommonClgSetptWD,ResidentialCommonClgSetptWD,ResidentialCommonClgSetptWD,ResidentialCommonClgSetptSat,ResidentialCommonClgSetptSun,ResidentialCommonClgSetptSun,ResidentialCommonClgSetptWD,ResidentialCommonClgSetptWD
ResidentialCommonInfiltration,12,31,ResidentialCommonInfiltrationWk,ResidentialCommonInfiltrationWk,ResidentialCommonInfiltrationWD,ResidentialCommonInfiltrationWD,ResidentialCommonInfiltrationWD,ResidentialCommonInfiltrationWD,ResidentialCommonInfiltrationWD,ResidentialCommonInfiltrationSat,ResidentialCommonInfiltrationSun,ResidentialCommonInfiltrationSun,ResidentialCommonInfiltrationWD,ResidentialCommonInfiltrationWD
ResidentialCommonWtrHtrSetpt,12,31,ResidentialCommonWtrHtrSetptWk,ResidentialCommonWtrHtrSetptWk,ResidentialCommonWtrHtrSetptWD,ResidentialCommonWtrHtrSetptWD,ResidentialCommonWtrHtrSetptWD,ResidentialCommonWtrHtrSetptWD,ResidentialCommonWtrHtrSetptWD,ResidentialCommonWtrHtrSetptSat,ResidentialCommonWtrHtrSetptSun,ResidentialCommonWtrHtrSetptSun,ResidentialCommonWtrHtrSetptWD,ResidentialCommonWtrHtrSetptWD
ResidentialCommonElevator,12,31,ResidentialCommonElevatorWk,ResidentialCommonElevatorWk,ResidentialCommonElevatorWD,ResidentialCommonElevatorWD,ResidentialCommonElevatorWD,ResidentialCommonElevatorWD,ResidentialCommonElevatorWD,ResidentialCommonElevatorSat,ResidentialCommonElevatorSun,ResidentialCommonElevatorSun,OffDay,OnDay
ResidentialCommonEscalator,12,31,ResidentialCommonEscalatorWk,ResidentialCommonEscalatorWk,ResidentialCommonEscalatorWD,ResidentialCommonEscalatorWD,ResidentialCommonEscalatorWD,ResidentialCommonEscalatorWD,ResidentialCommonEscalatorWD,ResidentialCommonEscalatorSat,ResidentialCommonEscalatorSun,ResidentialCommonEscalatorSun,OffDay,OnDay
ResidentialCommonRefrigeration,12,31,ResidentialCommonRefrigerationWk,ResidentialCommonRefrigerationWk,ResidentialCommonRefrigerationWD,ResidentialCommonRefrigerationWD,ResidentialCommonRefrigerationWD,ResidentialCommonRefrigerationWD,ResidentialCommonRefrigerationWD,ResidentialCommonRefrigerationSat,ResidentialCommonRefrigerationSun,ResidentialCommonRefrigerationSun,ResidentialCommonRefrigerationSun,ResidentialCommonRefrigerationWD
ResidentialLivingOccupancy,12,31,ResidentialLivingOccupancyWk,ResidentialLivingOccupancyWk,ResidentialLivingOccupancyWD,ResidentialLivingOccupancyWD,ResidentialLivingOccupancyWD,ResidentialLivingOccupancyWD,ResidentialLivingOccupancyWD,ResidentialLivingOccupancySat,ResidentialLivingOccupancySun,ResidentialLivingOccupancySun,OffDay,OnDay
ResidentialLivingLights,12,31,ResidentialLivingLightsWk,ResidentialLivingLightsWk,ResidentialLivingLightsWD,ResidentialLivingLightsWD,ResidentialLivingLightsWD,ResidentialLivingLightsWD,ResidentialLivingLightsWD,ResidentialLivingLightsSat,ResidentialLivingLightsSun,ResidentialLivingLightsSun,OffDay,OnDay
ResidentialLivingReceptacle,12,31,ResidentialLivingReceptacleWk,ResidentialLivingReceptacleWk,ResidentialLivingReceptacleWD,ResidentialLivingReceptacleWD,ResidentialLivingReceptacleWD,ResidentialLivingReceptacleWD,ResidentialLivingReceptacleWD,ResidentialLivingReceptacleSat,ResidentialLivingReceptacleSun,ResidentialLivingReceptacleSun,OffDay,OnDay
ResidentialLivingHVACAvail,12,31,ResidentialLivingHVACAvailWk,ResidentialLivingHVACAvailWk,ResidentialLivingHVACAvailWD,ResidentialLivingHVACAvailWD,ResidentialLivingHVACAvailWD,ResidentialLivingHVACAvailWD,ResidentialLivingHVACAvailWD,ResidentialLivingHVACAvailSat,ResidentialLivingHVACAvailSun,ResidentialLivingHVACAvailSun,OnDay,OnDay
ResidentialLivingServiceHotWater,12,31,ResidentialLivingServiceHotWaterWk,ResidentialLivingServiceHotWaterWk,ResidentialLivingServiceHotWaterWD,ResidentialLivingServiceHotWaterWD,ResidentialLivingServiceHotWaterWD,ResidentialLivingServiceHotWaterWD,ResidentialLivingServiceHotWaterWD,ResidentialLivingServiceHotWaterSat,ResidentialLivingServiceHotWaterSun,ResidentialLivingServiceHotWaterSun,OffDay,OnDay
ResidentialLivingGasEquip,12,31,ResidentialLivingGasEquipWk,ResidentialLivingGasEquipWk,ResidentialLivingGasEquipWD,ResidentialLivingGasEquipWD,ResidentialLivingGasEquipWD,ResidentialLivingGasEquipWD,ResidentialLivingGasEquipWD,ResidentialLivingGasEquipSat,ResidentialLivingGasEquipSun,ResidentialLivingGasEquipSun,OffDay,OnDay
ResidentialLivingHtgSetpt,12,31,ResidentialLivingHtgSetptWk,ResidentialLivingHtgSetptWk,ResidentialLivingHtgSetptWD,ResidentialLivingHtgSetptWD,ResidentialLivingHtgSetptWD,ResidentialLivingHtgSetptWD,ResidentialLivingHtgSetptWD,ResidentialLivingHtgSetptSat,ResidentialLivingHtgSetptSun,ResidentialLivingHtgSetptSun,ResidentialLivingHtgSetptWD,ResidentialLivingHtgSetptWD
ResidentialLivingClgSetpt,12,31,ResidentialLivingClgSetptWk,ResidentialLivingClgSetptWk,ResidentialLivingClgSetptWD,ResidentialLivingClgSetptWD,ResidentialLivingClgSetptWD,ResidentialLivingClgSetptWD,ResidentialLivingClgSetptWD,ResidentialLivingClgSetptSat,ResidentialLivingClgSetptSun,ResidentialLivingClgSetptSun,ResidentialLivingClgSetptWD,ResidentialLivingClgSetptWD
ResidentialLivingInfiltration,12,31,ResidentialLivingInfiltrationWk,ResidentialLivingInfiltrationWk,ResidentialLivingInfiltrationWD,ResidentialLivingInfiltrationWD,ResidentialLivingInfiltrationWD,ResidentialLivingInfiltrationWD,ResidentialLivingInfiltrationWD,ResidentialLivingInfiltrationSat,ResidentialLivingInfiltrationSun,ResidentialLivingInfiltrationSun,ResidentialLivingInfiltrationWD,ResidentialLivingInfiltrationWD
ResidentialLivingWtrHtrSetpt,12,31,ResidentialLivingWtrHtrSetptWk,ResidentialLivingWtrHtrSetptWk,ResidentialLivingWtrHtrSetptWD,ResidentialLivingWtrHtrSetptWD,ResidentialLivingWtrHtrSetptWD,ResidentialLivingWtrHtrSetptWD,ResidentialLivingWtrHtrSetptWD,ResidentialLivingWtrHtrSetptSat,ResidentialLivingWtrHtrSetptSun,ResidentialLivingWtrHtrSetptSun,ResidentialLivingWtrHtrSetptWD,ResidentialLivingWtrHtrSetptWD
ResidentialLivingElevator,12,31,ResidentialLivingElevatorWk,ResidentialLivingElevatorWk,ResidentialLivingElevatorWD,ResidentialLivingElevatorWD,ResidentialLivingElevatorWD,ResidentialLivingElevatorWD,ResidentialLivingElevatorWD,ResidentialLivingElevatorSat,ResidentialLivingElevatorSun,ResidentialLivingElevatorSun,OffDay,OnDay
ResidentialLivingEscalator,12,31,ResidentialLivingEscalatorWk,ResidentialLivingEscalatorWk,ResidentialLivingEscalatorWD,ResidentialLivingEscalatorWD,ResidentialLivingEscalatorWD,ResidentialLivingEscalatorWD,ResidentialLivingEscalatorWD,ResidentialLivingEscalatorSat,ResidentialLivingEscalatorSun,ResidentialLivingEscalatorSun,OffDay,OnDay
ResidentialLivingRefrigeration,12,31,ResidentialLivingRefrigerationWk,ResidentialLivingRefrigerationWk,ResidentialLivingRefrigerationWD,ResidentialLivingRefrigerationWD,ResidentialLivingRefrigerationWD,ResidentialLivingRefrigerationWD,ResidentialLivingRefrigerationWD,ResidentialLivingRefrigerationSat,ResidentialLivingRefrigerationSun,ResidentialLivingRefrigerationSun,ResidentialLivingRefrigerationSun,ResidentialLivingRefrigerationWD
RestaurantOccupancy,12,31,RestaurantOccupancyWk,RestaurantOccupancyWk,RestaurantOccupancyWD,RestaurantOccupancyWD,RestaurantOccupancyWD,RestaurantOccupancyWD,RestaurantOccupancyWD,RestaurantOccupancySat,RestaurantOccupancySun,RestaurantOccupancySun,OffDay,OnDay
RestaurantLights,12,31,RestaurantLightsWk,RestaurantLightsWk,RestaurantLightsWD,RestaurantLightsWD,RestaurantLightsWD,RestaurantLightsWD,RestaurantLightsWD,RestaurantLightsSat,RestaurantLightsSun,RestaurantLightsSun,OffDay,OnDay
RestaurantReceptacle,12,31,RestaurantReceptacleWk,RestaurantReceptacleWk,RestaurantReceptacleWD,RestaurantReceptacleWD,RestaurantReceptacleWD,RestaurantReceptacleWD,RestaurantReceptacleWD,RestaurantReceptacleSat,RestaurantReceptacleSun,RestaurantReceptacleSun,OffDay,OnDay
RestaurantHVACAvail,12,31,RestaurantHVACAvailWk,RestaurantHVACAvailWk,RestaurantHVACAvailWD,RestaurantHVACAvailWD,RestaurantHVACAvailWD,RestaurantHVACAvailWD,RestaurantHVACAvailWD,RestaurantHVACAvailSat,RestaurantHVACAvailSun,RestaurantHVACAvailSun,OnDay,OnDay
RestaurantServiceHotWater,12,31,RestaurantServiceHotWaterWk,RestaurantServiceHotWaterWk,RestaurantServiceHotWaterWD,RestaurantServiceHotWaterWD,RestaurantServiceHotWaterWD,RestaurantServiceHotWaterWD,RestaurantServiceHotWaterWD,RestaurantServiceHotWaterSat,RestaurantServiceHotWaterSun,RestaurantServiceHotWaterSun,OffDay,OnDay
RestaurantElevator,12,31,RestaurantElevatorWk,RestaurantElevatorWk,RestaurantElevatorWD,RestaurantElevatorWD,RestaurantElevatorWD,RestaurantElevatorWD,RestaurantElevatorWD,RestaurantElevatorSat,RestaurantElevatorSun,RestaurantElevatorSun,OffDay,OnDay
RestaurantExhaustHoodEqualOrLessThan5000cfm,12,31,RestaurantExhaustHoodEqualOrLessThan5000cfmWk,RestaurantExhaustHoodEqualOrLessThan5000cfmWk,RestaurantExhaustHoodEqualOrLessThan5000cfmWD,RestaurantExhaustHoodEqualOrLessThan5000cfmWD,RestaurantExhaustHoodEqualOrLessThan5000cfmWD,RestaurantExhaustHoodEqualOrLessThan5000cfmWD,RestaurantExhaustHoodEqualOrLessThan5000cfmWD,RestaurantExhaustHoodEqualOrLessThan5000cfmSat,RestaurantExhaustHoodEqualOrLessThan5000cfmSun,RestaurantExhaustHoodEqualOrLessThan5000cfmSun,RestaurantExhaustHoodEqualOrLessThan5000cfmSun,RestaurantExhaustHoodEqualOrLessThan5000cfmWD
RestaurantExhaustHoodGreaterThan5000cfm,12,31,RestaurantExhaustHoodGreaterThan5000cfmWk,RestaurantExhaustHoodGreaterThan5000cfmWk,RestaurantExhaustHoodGreaterThan5000cfmWD,RestaurantExhaustHoodGreaterThan5000cfmWD,RestaurantExhaustHoodGreaterThan5000cfmWD,RestaurantExhaustHoodGreaterThan5000cfmWD,RestaurantExhaustHoodGreaterThan5000cfmWD,RestaurantExhaustHoodGreaterThan5000cfmSat,RestaurantExhaustHoodGreaterThan5000cfmSun,RestaurantExhaustHoodGreaterThan5000cfmSun,RestaurantExhaustHoodGreaterThan5000cfmSun,RestaurantExhaustHoodGreaterThan5000cfmWD
RestaurantRefrigeration,12,31,RestaurantRefrigerationWk,RestaurantRefrigerationWk,RestaurantRefrigerationWD,RestaurantRefrigerationWD,RestaurantRefrigerationWD,RestaurantRefrigerationWD,RestaurantRefrigerationWD,RestaurantRefrigerationSat,RestaurantRefrigerationSun,RestaurantRefrigerationSun,RestaurantRefrigerationSun,RestaurantRefrigerationWD
RestaurantGasEquip,12,31,RestaurantGasEquipWk,RestaurantGasEquipWk,RestaurantGasEquipWD,RestaurantGasEquipWD,RestaurantGasEquipWD,RestaurantGasEquipWD,RestaurantGasEquipWD,RestaurantGasEquipSat,RestaurantGasEquipSun,RestaurantGasEquipSun,OffDay,OnDay
RestaurantHtgSetpt,12,31,RestaurantHtgSetptWk,RestaurantHtgSetptWk,RestaurantHtgSetptWD,RestaurantHtgSetptWD,RestaurantHtgSetptWD,RestaurantHtgSetptWD,RestaurantHtgSetptWD,RestaurantHtgSetptSat,RestaurantHtgSetptSun,RestaurantHtgSetptSun,RestaurantHtgSetptWD,RestaurantHtgSetptWD
RestaurantClgSetpt,12,31,RestaurantClgSetptWk,RestaurantClgSetptWk,RestaurantClgSetptWD,RestaurantClgSetptWD,RestaurantClgSetptWD,RestaurantClgSetptWD,RestaurantClgSetptWD,RestaurantClgSetptSat,RestaurantClgSetptSun,RestaurantClgSetptSun,RestaurantClgSetptWD,RestaurantClgSetptWD
RestaurantInfiltration,12,31,RestaurantInfiltrationWk,RestaurantInfiltrationWk,RestaurantInfiltrationWD,RestaurantInfiltrationWD,RestaurantInfiltrationWD,RestaurantInfiltrationWD,RestaurantInfiltrationWD,RestaurantInfiltrationSat,RestaurantInfiltrationSun,RestaurantInfiltrationSun,RestaurantInfiltrationWD,RestaurantInfiltrationWD
RestaurantWtrHtrSetpt,12,31,RestaurantWtrHtrSetptWk,RestaurantWtrHtrSetptWk,RestaurantWtrHtrSetptWD,RestaurantWtrHtrSetptWD,RestaurantWtrHtrSetptWD,RestaurantWtrHtrSetptWD,RestaurantWtrHtrSetptWD,RestaurantWtrHtrSetptSat,RestaurantWtrHtrSetptSun,RestaurantWtrHtrSetptSun,RestaurantWtrHtrSetptWD,RestaurantWtrHtrSetptWD
RestaurantEscalator,12,31,RestaurantEscalatorWk,RestaurantEscalatorWk,RestaurantEscalatorWD,RestaurantEscalatorWD,RestaurantEscalatorWD,RestaurantEscalatorWD,RestaurantEscalatorWD,RestaurantEscalatorSat,RestaurantEscalatorSun,RestaurantEscalatorSun,OffDay,OnDay
RetailOccupancy,12,31,RetailOccupancyWk,RetailOccupancyWk,RetailOccupancyWD,RetailOccupancyWD,RetailOccupancyWD,RetailOccupancyWD,RetailOccupancyWD,RetailOccupancySat,RetailOccupancySun,RetailOccupancySun,OffDay,OnDay
RetailLights,12,31,RetailLightsWk,RetailLightsWk,RetailLightsWD,RetailLightsWD,RetailLightsWD,RetailLightsWD,RetailLightsWD,RetailLightsSat,RetailLightsSun,RetailLightsSun,OffDay,OnDay
RetailReceptacle,12,31,RetailReceptacleWk,RetailReceptacleWk,RetailReceptacleWD,RetailReceptacleWD,RetailReceptacleWD,RetailReceptacleWD,RetailReceptacleWD,RetailReceptacleSat,RetailReceptacleSun,RetailReceptacleSun,OffDay,OnDay
RetailHVACAvail,12,31,RetailHVACAvailWk,RetailHVACAvailWk,RetailHVACAvailWD,RetailHVACAvailWD,RetailHVACAvailWD,RetailHVACAvailWD,RetailHVACAvailWD,RetailHVACAvailSat,RetailHVACAvailSun,RetailHVACAvailSun,OnDay,OnDay
RetailServiceHotWater,12,31,RetailServiceHotWaterWk,RetailServiceHotWaterWk,RetailServiceHotWaterWD,RetailServiceHotWaterWD,RetailServiceHotWaterWD,RetailServiceHotWaterWD,RetailServiceHotWaterWD,RetailServiceHotWaterSat,RetailServiceHotWaterSun,RetailServiceHotWaterSun,OffDay,OnDay
RetailElevator,12,31,RetailElevatorWk,RetailElevatorWk,RetailElevatorWD,RetailElevatorWD,RetailElevatorWD,RetailElevatorWD,RetailElevatorWD,RetailElevatorSat,RetailElevatorSun,RetailElevatorSun,OffDay,OnDay
RetailRefrigeration,12,31,RetailRefrigerationWk,RetailRefrigerationWk,RetailRefrigerationWD,RetailRefrigerationWD,RetailRefrigerationWD,RetailRefrigerationWD,RetailRefrigerationWD,RetailRefrigerationSat,RetailRefrigerationSun,RetailRefrigerationSun,RetailRefrigerationSun,RetailRefrigerationWD
RetailGasEquip,12,31,RetailGasEquipWk,RetailGasEquipWk,RetailGasEquipWD,RetailGasEquipWD,RetailGasEquipWD,RetailGasEquipWD,RetailGasEquipWD,RetailGasEquipSat,RetailGasEquipSun,RetailGasEquipSun,OffDay,OnDay
RetailHtgSetpt,12,31,RetailHtgSetptWk,RetailHtgSetptWk,RetailHtgSetptWD,RetailHtgSetptWD,RetailHtgSetptWD,RetailHtgSetptWD,RetailHtgSetptWD,RetailHtgSetptSat,RetailHtgSetptSun,RetailHtgSetptSun,RetailHtgSetptWD,RetailHtgSetptWD
RetailClgSetpt,12,31,RetailClgSetptWk,RetailClgSetptWk,RetailClgSetptWD,RetailClgSetptWD,RetailClgSetptWD,RetailClgSetptWD,RetailClgSetptWD,RetailClgSetptSat,RetailClgSetptSun,RetailClgSetptSun,RetailClgSetptWD,RetailClgSetptWD
RetailInfiltration,12,31,RetailInfiltrationWk,RetailInfiltrationWk,RetailInfiltrationWD,RetailInfiltrationWD,RetailInfiltrationWD,RetailInfiltrationWD,RetailInfiltrationWD,RetailInfiltrationSat,RetailInfiltrationSun,RetailInfiltrationSun,RetailInfiltrationWD,RetailInfiltrationWD
RetailEscalator,12,31,RetailEscalatorWk,RetailEscalatorWk,RetailEscalatorWD,RetailEscalatorWD,RetailEscalatorWD,RetailEscalatorWD,RetailEscalatorWD,RetailEscalatorSat,RetailEscalatorSun,RetailEscalatorSun,OffDay,OnDay
RetailWtrHtrSetpt,12,31,RetailWtrHtrSetptWk,RetailWtrHtrSetptWk,RetailWtrHtrSetptWD,RetailWtrHtrSetptWD,RetailWtrHtrSetptWD,RetailWtrHtrSetptWD,RetailWtrHtrSetptWD,RetailWtrHtrSetptSat,RetailWtrHtrSetptSun,RetailWtrHtrSetptSun,RetailWtrHtrSetptWD,RetailWtrHtrSetptWD
SchoolOccupancy,12,31,SchoolOccupancyWk,SchoolOccupancyWk,SchoolOccupancyWD,SchoolOccupancyWD,SchoolOccupancyWD,SchoolOccupancyWD,SchoolOccupancyWD,SchoolOccupancySat,SchoolOccupancySun,SchoolOccupancySun,OffDay,OnDay
SchoolLights,12,31,SchoolLightsWk,SchoolLightsWk,SchoolLightsWD,SchoolLightsWD,SchoolLightsWD,SchoolLightsWD,SchoolLightsWD,SchoolLightsSat,SchoolLightsSun,SchoolLightsSun,OffDay,OnDay
SchoolReceptacle,12,31,SchoolReceptacleWk,SchoolReceptacleWk,SchoolReceptacleWD,SchoolReceptacleWD,SchoolReceptacleWD,SchoolReceptacleWD,SchoolReceptacleWD,SchoolReceptacleSat,SchoolReceptacleSun,SchoolReceptacleSun,OffDay,OnDay
SchoolHVACAvail,12,31,SchoolHVACAvailWk,SchoolHVACAvailWk,SchoolHVACAvailWD,SchoolHVACAvailWD,SchoolHVACAvailWD,SchoolHVACAvailWD,SchoolHVACAvailWD,SchoolHVACAvailSat,SchoolHVACAvailSun,SchoolHVACAvailSun,OnDay,OnDay
SchoolServiceHotWater,12,31,SchoolServiceHotWaterWk,SchoolServiceHotWaterWk,SchoolServiceHotWaterWD,SchoolServiceHotWaterWD,SchoolServiceHotWaterWD,SchoolServiceHotWaterWD,SchoolServiceHotWaterWD,SchoolServiceHotWaterSat,SchoolServiceHotWaterSun,SchoolServiceHotWaterSun,OffDay,OnDay
SchoolElevator,12,31,SchoolElevatorWk,SchoolElevatorWk,SchoolElevatorWD,SchoolElevatorWD,SchoolElevatorWD,SchoolElevatorWD,SchoolElevatorWD,SchoolElevatorSat,SchoolElevatorSun,SchoolElevatorSun,OffDay,OnDay
SchoolRefrigeration,12,31,SchoolRefrigerationWk,SchoolRefrigerationWk,SchoolRefrigerationWD,SchoolRefrigerationWD,SchoolRefrigerationWD,SchoolRefrigerationWD,SchoolRefrigerationWD,SchoolRefrigerationSat,SchoolRefrigerationSun,SchoolRefrigerationSun,SchoolRefrigerationSun,SchoolRefrigerationWD
SchoolGasEquip,12,31,SchoolGasEquipWk,SchoolGasEquipWk,SchoolGasEquipWD,SchoolGasEquipWD,SchoolGasEquipWD,SchoolGasEquipWD,SchoolGasEquipWD,SchoolGasEquipSat,SchoolGasEquipSun,SchoolGasEquipSun,OffDay,OnDay
SchoolHtgSetpt,12,31,SchoolHtgSetptWk,SchoolHtgSetptWk,SchoolHtgSetptWD,SchoolHtgSetptWD,SchoolHtgSetptWD,SchoolHtgSetptWD,SchoolHtgSetptWD,SchoolHtgSetptSat,SchoolHtgSetptSun,SchoolHtgSetptSun,SchoolHtgSetptWD,SchoolHtgSetptWD
SchoolClgSetpt,12,31,SchoolClgSetptWk,SchoolClgSetptWk,SchoolClgSetptWD,SchoolClgSetptWD,SchoolClgSetptWD,SchoolClgSetptWD,SchoolClgSetptWD,SchoolClgSetptSat,SchoolClgSetptSun,SchoolClgSetptSun,SchoolClgSetptWD,SchoolClgSetptWD
SchoolInfiltration,12,31,SchoolInfiltrationWk,SchoolInfiltrationWk,SchoolInfiltrationWD,SchoolInfiltrationWD,SchoolInfiltrationWD,SchoolInfiltrationWD,SchoolInfiltrationWD,SchoolInfiltrationSat,SchoolInfiltrationSun,SchoolInfiltrationSun,SchoolInfiltrationWD,SchoolInfiltrationWD
SchoolWtrHtrSetpt,12,31,SchoolWtrHtrSetptWk,SchoolWtrHtrSetptWk,SchoolWtrHtrSetptWD,SchoolWtrHtrSetptWD,SchoolWtrHtrSetptWD,SchoolWtrHtrSetptWD,SchoolWtrHtrSetptWD,SchoolWtrHtrSetptSat,SchoolWtrHtrSetptSun,SchoolWtrHtrSetptSun,SchoolWtrHtrSetptWD,SchoolWtrHtrSetptWD
SchoolEscalator,12,31,SchoolEscalatorWk,SchoolEscalatorWk,SchoolEscalatorWD,SchoolEscalatorWD,SchoolEscalatorWD,SchoolEscalatorWD,SchoolEscalatorWD,SchoolEscalatorSat,SchoolEscalatorSun,SchoolEscalatorSun,OffDay,OnDay
WarehouseOccupancy,12,31,WarehouseOccupancyWk,WarehouseOccupancyWk,WarehouseOccupancyWD,WarehouseOccupancyWD,WarehouseOccupancyWD,WarehouseOccupancyWD,WarehouseOccupancyWD,WarehouseOccupancySat,WarehouseOccupancySun,WarehouseOccupancySun,OffDay,OnDay
WarehouseLights,12,31,WarehouseLightsWk,WarehouseLightsWk,WarehouseLightsWD,WarehouseLightsWD,WarehouseLightsWD,WarehouseLightsWD,WarehouseLightsWD,WarehouseLightsSat,WarehouseLightsSun,WarehouseLightsSun,OffDay,OnDay
WarehouseReceptacle,12,31,WarehouseReceptacleWk,WarehouseReceptacleWk,WarehouseReceptacleWD,WarehouseReceptacleWD,WarehouseReceptacleWD,WarehouseReceptacleWD,WarehouseReceptacleWD,WarehouseReceptacleSat,WarehouseReceptacleSun,WarehouseReceptacleSun,OffDay,OnDay
WarehouseHVACAvail,12,31,WarehouseHVACAvailWk,WarehouseHVACAvailWk,WarehouseHVACAvailWD,WarehouseHVACAvailWD,WarehouseHVACAvailWD,WarehouseHVACAvailWD,WarehouseHVACAvailWD,WarehouseHVACAvailSat,WarehouseHVACAvailSun,WarehouseHVACAvailSun,OnDay,OnDay
WarehouseServiceHotWater,12,31,WarehouseServiceHotWaterWk,WarehouseServiceHotWaterWk,WarehouseServiceHotWaterWD,WarehouseServiceHotWaterWD,WarehouseServiceHotWaterWD,WarehouseServiceHotWaterWD,WarehouseServiceHotWaterWD,WarehouseServiceHotWaterSat,WarehouseServiceHotWaterSun,WarehouseServiceHotWaterSun,OffDay,OnDay
WarehouseElevator,12,31,WarehouseElevatorWk,WarehouseElevatorWk,WarehouseElevatorWD,WarehouseElevatorWD,WarehouseElevatorWD,WarehouseElevatorWD,WarehouseElevatorWD,WarehouseElevatorSat,WarehouseElevatorSun,WarehouseElevatorSun,OffDay,OnDay
WarehouseRefrigeration,12,31,WarehouseRefrigerationWk,WarehouseRefrigerationWk,WarehouseRefrigerationWD,WarehouseRefrigerationWD,WarehouseRefrigerationWD,WarehouseRefrigerationWD,WarehouseRefrigerationWD,WarehouseRefrigerationSat,WarehouseRefrigerationSun,WarehouseRefrigerationSun,WarehouseRefrigerationSun,WarehouseRefrigerationWD
WarehouseHtgSetpt,12,31,WarehouseHtgSetptWk,WarehouseHtgSetptWk,WarehouseHtgSetptWD,WarehouseHtgSetptWD,WarehouseHtgSetptWD,WarehouseHtgSetptWD,WarehouseHtgSetptWD,WarehouseHtgSetptSat,WarehouseHtgSetptSun,WarehouseHtgSetptSun,WarehouseHtgSetptWD,WarehouseHtgSetptWD
WarehouseClgSetpt,12,31,WarehouseClgSetptWk,WarehouseClgSetptWk,WarehouseClgSetptWD,WarehouseClgSetptWD,WarehouseClgSetptWD,WarehouseClgSetptWD,WarehouseClgSetptWD,WarehouseClgSetptSat,WarehouseClgSetptSun,WarehouseClgSetptSun,WarehouseClgSetptWD,WarehouseClgSetptWD
WarehouseInfiltration,12,31,WarehouseInfiltrationWk,WarehouseInfiltrationWk,WarehouseInfiltrationWD,WarehouseInfiltrationWD,WarehouseInfiltrationWD,WarehouseInfiltrationWD,WarehouseInfiltrationWD,WarehouseInfiltrationSat,WarehouseInfiltrationSun,WarehouseInfiltrationSun,WarehouseInfiltrationWD,WarehouseInfiltrationWD
WarehouseEscalator,12,31,WarehouseEscalatorWk,WarehouseEscalatorWk,WarehouseEscalatorWD,WarehouseEscalatorWD,WarehouseEscalatorWD,WarehouseEscalatorWD,WarehouseEscalatorWD,WarehouseEscalatorSat,WarehouseEscalatorSun,WarehouseEscalatorSun,OffDay,OnDay
WarehouseWtrHtrSetpt,12,31,WarehouseWtrHtrSetptWk,WarehouseWtrHtrSetptWk,WarehouseWtrHtrSetptWD,WarehouseWtrHtrSetptWD,WarehouseWtrHtrSetptWD,WarehouseWtrHtrSetptWD,WarehouseWtrHtrSetptWD,WarehouseWtrHtrSetptSat,WarehouseWtrHtrSetptSun,WarehouseWtrHtrSetptSun,WarehouseWtrHtrSetptWD,WarehouseWtrHtrSetptWD
WarehouseGasEquip,12,31,WarehouseGasEquipWk,WarehouseGasEquipWk,WarehouseGasEquipWD,WarehouseGasEquipWD,WarehouseGasEquipWD,WarehouseGasEquipWD,WarehouseGasEquipWD,WarehouseGasEquipSat,WarehouseGasEquipSun,WarehouseGasEquipSun,OffDay,OnDay
